director_id,first_name,last_name,age,email,country,phone_number,years_of_experience,education_level,awards_received
1,Ronna,Dalgetty,42,rdalgetty0@t.co,Indonesia,119-755-5172,5,PhD,35
2,Mart,Mayer,51,mmayer1@hc360.com,China,959-834-3570,9,PhD,39
3,Sarette,Vayne,49,svayne2@is.gd,Vietnam,925-113-4707,5,High School Diploma,81
4,Perle,Schechter,63,pschechter3@adobe.com,China,504-645-5563,15,Bachelor's Degree,65
5,Cindelyn,Hebburn,35,chebburn4@istockphoto.com,China,937-493-8927,43,PhD,98
6,Gerianne,Stangroom,58,gstangroom5@simplemachines.org,China,659-865-2665,33,Bachelor's Degree,49
7,Cristi,Curness,31,ccurness6@istockphoto.com,Finland,832-570-4056,20,Bachelor's Degree,20
8,Howie,Criag,48,hcriag7@yandex.ru,Colombia,168-111-9016,21,PhD,34
9,Jo ann,Dansken,40,jdansken8@slate.com,Indonesia,470-549-5679,39,Master's Degree,65
10,Roz,Schoroder,33,rschoroder9@e-recht24.de,Indonesia,117-668-0184,31,Bachelor's Degree,81
11,Daniel,Cowmeadow,60,dcowmeadowa@businessinsider.com,Indonesia,477-480-1206,43,PhD,73
12,Barri,Malbon,34,bmalbonb@illinois.edu,South Africa,241-400-0758,13,PhD,38
13,Alex,Hasley,70,ahasleyc@hatena.ne.jp,Indonesia,219-781-1886,42,Bachelor's Degree,17
14,Johan,Pellingar,67,jpellingard@mit.edu,Argentina,407-161-0162,49,Bachelor's Degree,55
15,Maddie,holmes,46,mholmese@cdc.gov,Finland,727-694-9357,13,High School Diploma,53
16,Hugh,Thal,60,hthalf@dmoz.org,Pakistan,497-393-6786,22,Master's Degree,20
17,Artie,Madrell,67,amadrellg@paginegialle.it,Vietnam,930-797-0455,24,Master's Degree,17
18,Kerstin,Polon,43,kpolonh@sohu.com,Yemen,852-843-4615,12,High School Diploma,14
19,Lonnie,Stoop,42,lstoopi@cloudflare.com,Hungary,331-681-6565,0,Master's Degree,11
20,Angele,Sparshatt,34,asparshattj@cargocollective.com,China,336-890-0442,25,PhD,5
21,Dorene,Stickells,39,dstickellsk@accuweather.com,China,967-101-5240,8,PhD,68
22,Hendrik,Baglin,51,hbaglinl@homestead.com,China,199-535-0286,38,High School Diploma,6
23,Gustavo,Scading,65,gscadingm@narod.ru,Czech Republic,734-805-7568,21,High School Diploma,74
24,Shellie,Almeida,63,salmeidan@sogou.com,Czech Republic,284-795-2919,48,Bachelor's Degree,100
25,Nina,Castagnet,53,ncastagneto@ask.com,Russia,869-487-6162,36,High School Diploma,39
26,Carlyle,Camilli,33,ccamillip@usgs.gov,Brazil,142-794-3766,26,PhD,24
27,Aline,Lorenzetti,70,alorenzettiq@bing.com,Japan,789-973-8543,16,PhD,91
28,Fransisco,Tosh,67,ftoshr@woothemes.com,Portugal,292-671-4773,18,Bachelor's Degree,71
29,Norris,McGuigan,62,nmcguigans@cnn.com,Palestinian Territory,415-993-0264,39,PhD,83
30,Megan,Pirazzi,69,mpirazzit@elpais.com,Czech Republic,314-727-4799,13,High School Diploma,100
31,Park,Trussell,65,ptrussellu@earthlink.net,Indonesia,699-619-2428,48,High School Diploma,27
32,Helaina,Shere,52,hsherev@washington.edu,Sweden,755-286-4276,26,Bachelor's Degree,85
33,Linzy,Schriren,51,lschrirenw@google.nl,China,798-432-5767,2,High School Diploma,18
34,Kelcey,Bridgewater,52,kbridgewaterx@businessweek.com,Madagascar,740-519-6367,1,Master's Degree,57
35,Chauncey,Bonifazio,70,cbonifazioy@sitemeter.com,China,882-309-3163,30,PhD,84
36,Dulcea,Don,46,ddonz@live.com,Poland,263-437-2386,7,High School Diploma,81
37,Burl,Flores,36,bflores10@g.co,Tunisia,946-610-3539,9,Bachelor's Degree,40
38,Nicholas,Larciere,46,nlarciere11@engadget.com,Poland,937-798-4405,13,PhD,73
39,Kristyn,Schwanden,70,kschwanden12@newsvine.com,Russia,878-456-8290,7,Master's Degree,93
40,Milli,Kauffman,53,mkauffman13@google.fr,Indonesia,168-641-1658,22,High School Diploma,33
41,Henderson,Meneur,58,hmeneur14@sciencedaily.com,Croatia,125-289-6588,45,Master's Degree,17
42,Humphrey,Otteridge,42,hotteridge15@biblegateway.com,Portugal,603-955-0667,47,Master's Degree,93
43,Nancey,Pedroli,51,npedroli16@lulu.com,Kazakhstan,979-199-1582,25,Bachelor's Degree,67
44,Cornie,Clinning,51,cclinning17@deliciousdays.com,Portugal,933-178-5520,6,PhD,30
45,Darill,Scoullar,38,dscoullar18@si.edu,China,699-933-5204,0,PhD,64
46,Mariele,Whye,49,mwhye19@wikipedia.org,Portugal,929-310-4308,39,Bachelor's Degree,77
47,Roderigo,Perillo,32,rperillo1a@skyrock.com,Canada,118-696-7892,13,PhD,96
48,Buiron,Crouch,70,bcrouch1b@symantec.com,China,566-747-2326,14,High School Diploma,25
49,Diandra,Glenn,68,dglenn1c@ft.com,Peru,343-545-5446,25,High School Diploma,29
50,Opal,Fayers,42,ofayers1d@sourceforge.net,United States,971-950-0142,38,Bachelor's Degree,66
51,Benjy,Giannasi,32,bgiannasi1e@comcast.net,Russia,983-135-5409,38,PhD,31
52,Anet,Solland,59,asolland1f@feedburner.com,Sri Lanka,322-295-4185,35,High School Diploma,24
53,Ber,Giuroni,50,bgiuroni1g@tripadvisor.com,Thailand,918-465-1748,27,High School Diploma,53
54,Halsey,Kingh,48,hkingh1h@fda.gov,Ethiopia,994-544-0173,46,PhD,49
55,Timothy,Pauls,69,tpauls1i@nyu.edu,France,974-210-9442,9,PhD,89
56,Rosamond,Prydie,51,rprydie1j@weibo.com,Syria,667-175-8226,4,High School Diploma,86
57,Tiffi,Kinglesyd,56,tkinglesyd1k@so-net.ne.jp,Canada,579-140-5292,31,Master's Degree,91
58,Simone,Ritson,61,sritson1l@cargocollective.com,Nigeria,803-766-9329,13,Master's Degree,63
59,Berky,Tull,44,btull1m@china.com.cn,Sweden,514-845-2957,34,PhD,69
60,Norman,Attiwill,68,nattiwill1n@google.pl,Indonesia,902-396-6072,4,Master's Degree,20
61,Inge,Linkie,66,ilinkie1o@cam.ac.uk,Indonesia,553-260-1348,11,Master's Degree,58
62,Muffin,Brickham,43,mbrickham1p@mit.edu,Poland,831-937-6960,38,High School Diploma,96
63,Theodosia,Kinset,34,tkinset1q@mac.com,China,717-103-9306,21,PhD,47
64,Uriel,Waterland,41,uwaterland1r@uol.com.br,Indonesia,541-902-9258,29,High School Diploma,44
65,Agustin,Turbard,62,aturbard1s@bing.com,Finland,148-188-2516,8,PhD,4
66,Athene,Romagosa,47,aromagosa1t@blog.com,Brazil,519-942-6091,47,PhD,51
67,Aldon,Smead,56,asmead1u@hibu.com,Czech Republic,362-468-8273,38,PhD,43
68,Elana,Ragsdale,62,eragsdale1v@cargocollective.com,China,685-288-5899,22,PhD,45
69,Lorie,Eddleston,65,leddleston1w@europa.eu,Ukraine,851-526-7468,10,Master's Degree,95
70,Tomasina,Surphliss,61,tsurphliss1x@taobao.com,Cyprus,988-427-6495,26,Bachelor's Degree,29
71,Suzy,McIlwaine,52,smcilwaine1y@accuweather.com,Philippines,714-286-8978,18,High School Diploma,27
72,Elfreda,Fritchly,53,efritchly1z@sfgate.com,Indonesia,915-180-7722,28,Master's Degree,16
73,Rosette,Toupe,46,rtoupe20@de.vu,China,931-474-1088,0,Bachelor's Degree,61
74,Hamish,Hugonneau,45,hhugonneau21@wikia.com,Norway,960-358-2610,45,Bachelor's Degree,63
75,Marika,Capelow,60,mcapelow22@list-manage.com,Indonesia,489-290-2845,43,PhD,91
76,Lotte,Winders,37,lwinders23@time.com,China,760-259-2643,2,PhD,8
77,Papagena,Hairsnape,44,phairsnape24@intel.com,Indonesia,528-825-1127,28,Master's Degree,66
78,Mimi,Comiam,58,mcomiam25@hubpages.com,Canada,397-384-0638,21,High School Diploma,83
79,Ethan,Roos,64,eroos26@cisco.com,Sweden,267-360-4345,31,High School Diploma,21
80,Baryram,Bendix,70,bbendix27@123-reg.co.uk,Russia,900-859-2393,15,Master's Degree,49
81,Ursala,Darey,40,udarey28@economist.com,Syria,396-787-1676,27,PhD,78
82,Abeu,Fedorchenko,54,afedorchenko29@redcross.org,Belarus,333-337-5902,25,PhD,96
83,Winthrop,Roxburgh,57,wroxburgh2a@samsung.com,Afghanistan,111-407-2256,41,Bachelor's Degree,87
84,Melonie,Crooks,31,mcrooks2b@people.com.cn,Chile,327-782-7654,4,PhD,21
85,Kara-lynn,Geffcock,38,kgeffcock2c@networksolutions.com,China,476-988-3851,17,Master's Degree,63
86,Glynda,Raynton,41,graynton2d@mac.com,Paraguay,412-205-1076,37,Bachelor's Degree,85
87,Deedee,Stanyard,68,dstanyard2e@surveymonkey.com,Indonesia,416-990-6813,20,PhD,78
88,Lynn,Ovize,41,lovize2f@shareasale.com,Jordan,200-972-9318,22,High School Diploma,90
89,Bartlett,Joret,66,bjoret2g@tripod.com,Indonesia,285-785-1916,0,PhD,71
90,Dulcinea,Bezzant,68,dbezzant2h@salon.com,Russia,134-725-5633,9,Master's Degree,74
91,Bili,Leguay,70,bleguay2i@example.com,Albania,882-363-0332,24,Master's Degree,20
92,Riley,Gawkes,48,rgawkes2j@earthlink.net,Bolivia,401-203-5278,45,Bachelor's Degree,87
93,Suzy,Aberdeen,53,saberdeen2k@ifeng.com,Portugal,288-590-2550,41,PhD,74
94,Shelton,Tuvey,61,stuvey2l@adobe.com,Brazil,256-607-0156,14,PhD,85
95,Hildegaard,Aslin,52,haslin2m@sitemeter.com,China,248-498-0006,17,High School Diploma,16
96,Janelle,Rainon,62,jrainon2n@stanford.edu,Russia,625-513-9023,11,Master's Degree,17
97,Theo,MacGahey,57,tmacgahey2o@furl.net,Portugal,340-959-1836,31,High School Diploma,98
98,Arri,Mudd,43,amudd2p@prweb.com,China,503-555-5525,27,High School Diploma,67
99,Grantham,Gertz,56,ggertz2q@mozilla.com,Colombia,596-502-8496,0,PhD,0
100,Brianne,Haston,33,bhaston2r@joomla.org,China,326-789-9016,16,High School Diploma,48
101,Stewart,Tabary,65,stabary2s@virginia.edu,Sweden,197-307-0315,12,Master's Degree,100
102,Benoit,Sneyd,58,bsneyd2t@seesaa.net,Nepal,102-146-4312,39,Bachelor's Degree,51
103,Dana,Sandever,69,dsandever2u@aol.com,Peru,301-682-7507,32,PhD,84
104,Dacy,Junkinson,38,djunkinson2v@booking.com,Russia,140-205-5914,14,Bachelor's Degree,46
105,Abigail,Burling,61,aburling2w@ed.gov,Canada,430-121-0737,12,Master's Degree,97
106,Ryann,Joint,40,rjoint2x@ibm.com,Ukraine,386-159-5765,18,Master's Degree,48
107,Penrod,Feehery,48,pfeehery2y@usa.gov,Afghanistan,446-491-8410,13,Master's Degree,4
108,Hedwiga,Laybourn,46,hlaybourn2z@ebay.co.uk,Indonesia,288-796-1989,24,PhD,36
109,Myrwyn,Espinal,33,mespinal30@answers.com,Indonesia,326-847-4406,28,Bachelor's Degree,23
110,Lilllie,Hubber,43,lhubber31@t-online.de,Zambia,371-958-9532,38,High School Diploma,72
111,Nathan,Bareford,40,nbareford32@sciencedaily.com,Indonesia,615-919-6126,14,Master's Degree,28
112,Brittan,Bauduin,30,bbauduin33@cafepress.com,Myanmar,411-868-1559,17,High School Diploma,14
113,Lilli,Jacklings,55,ljacklings34@omniture.com,Iran,542-960-2347,29,High School Diploma,89
114,Susanna,Riddler,35,sriddler35@topsy.com,Tanzania,669-698-2292,29,PhD,24
115,Isa,Herculson,57,iherculson36@godaddy.com,Indonesia,705-786-5680,3,PhD,49
116,Adriane,Hawksley,55,ahawksley37@wunderground.com,Uganda,758-303-0522,49,Master's Degree,15
117,Nicky,Rainer,42,nrainer38@ucoz.com,Indonesia,362-427-2513,23,PhD,16
118,Roderich,Fern,42,rfern39@twitter.com,Czech Republic,312-964-1487,25,Bachelor's Degree,24
119,Jerrome,Curnock,45,jcurnock3a@mozilla.org,Indonesia,785-510-4670,2,Bachelor's Degree,29
120,Starla,Squibb,62,ssquibb3b@photobucket.com,Portugal,807-616-0241,33,High School Diploma,95
121,Field,Whitwham,60,fwhitwham3c@wiley.com,China,398-856-8893,38,Bachelor's Degree,84
122,Marlena,Josilevich,69,mjosilevich3d@angelfire.com,China,254-459-0466,1,Bachelor's Degree,22
123,Kayle,Prise,44,kprise3e@xing.com,Venezuela,495-943-4575,16,High School Diploma,17
124,Othilia,Dienes,30,odienes3f@tumblr.com,China,532-643-4465,36,High School Diploma,50
125,Paige,Truder,50,ptruder3g@spotify.com,Costa Rica,371-800-1019,19,Master's Degree,33
126,Jud,Edmands,52,jedmands3h@quantcast.com,China,536-707-6002,32,Bachelor's Degree,9
127,Clair,Clayborn,48,cclayborn3i@zimbio.com,China,453-370-6007,37,Master's Degree,63
128,Carmencita,Wheelband,38,cwheelband3j@ifeng.com,Argentina,797-722-9051,0,Bachelor's Degree,40
129,Ninetta,Anneslie,32,nanneslie3k@artisteer.com,Thailand,239-670-7660,35,High School Diploma,2
130,Marian,Fishburn,61,mfishburn3l@paginegialle.it,France,941-624-2110,24,Master's Degree,7
131,Weylin,Lambersen,42,wlambersen3m@4shared.com,Argentina,143-518-1894,28,Bachelor's Degree,80
132,Madelena,Bodycombe,33,mbodycombe3n@shareasale.com,United States,513-749-1856,48,Master's Degree,99
133,Geralda,Babbage,42,gbabbage3o@geocities.jp,Brazil,427-965-1363,41,High School Diploma,94
134,Emmalee,Lufkin,51,elufkin3p@stanford.edu,Iran,584-280-6435,17,PhD,34
135,Gwenora,Burriss,67,gburriss3q@chronoengine.com,Yemen,938-553-5930,16,Bachelor's Degree,92
136,Marci,Medendorp,43,mmedendorp3r@psu.edu,Philippines,848-640-4503,6,Bachelor's Degree,73
137,Kai,Elflain,65,kelflain3s@1688.com,China,685-649-3823,45,Master's Degree,64
138,Bogey,Pellington,64,bpellington3t@oaic.gov.au,Greece,281-912-7059,22,Master's Degree,82
139,Padget,Frye,69,pfrye3u@imdb.com,Portugal,143-983-3165,14,Bachelor's Degree,44
140,Gino,Renwick,30,grenwick3v@webmd.com,Morocco,612-578-5721,2,Bachelor's Degree,78
141,Shir,Coalburn,34,scoalburn3w@wikia.com,China,141-207-8646,50,Bachelor's Degree,28
142,Breena,Liversidge,37,bliversidge3x@yelp.com,Argentina,759-121-8420,9,Master's Degree,40
143,Avrit,Fordham,68,afordham3y@tripod.com,Venezuela,288-532-2158,34,High School Diploma,49
144,Atalanta,Holtaway,67,aholtaway3z@storify.com,China,649-731-1556,6,High School Diploma,96
145,Reinold,Garahan,50,rgarahan40@webnode.com,Malaysia,681-742-9589,44,Master's Degree,56
146,Marylynne,Brimmell,34,mbrimmell41@ted.com,Greece,484-943-3202,30,PhD,53
147,Nev,Martlew,68,nmartlew42@paginegialle.it,China,291-698-6785,36,Bachelor's Degree,6
148,Estevan,Sperling,64,esperling43@freewebs.com,Philippines,589-263-4831,20,Master's Degree,61
149,Waldon,Porritt,32,wporritt44@netlog.com,Indonesia,654-525-3582,45,PhD,58
150,Parker,Bakesef,56,pbakesef45@cbsnews.com,Indonesia,697-512-3051,20,Bachelor's Degree,89
151,Harlan,De Brett,55,hdebrett46@multiply.com,Pakistan,662-596-0243,38,High School Diploma,39
152,Misty,Lorne,67,mlorne47@ucsd.edu,Philippines,724-587-2871,27,High School Diploma,58
153,Audry,Keddie,63,akeddie48@upenn.edu,Poland,921-712-8340,4,Bachelor's Degree,85
154,My,Trustey,59,mtrustey49@ow.ly,Uganda,432-715-2257,44,PhD,77
155,Thibaut,Littlejohns,43,tlittlejohns4a@feedburner.com,Philippines,270-367-1070,17,Bachelor's Degree,11
156,Gavrielle,Geldard,60,ggeldard4b@infoseek.co.jp,Indonesia,333-953-2874,24,Bachelor's Degree,49
157,Everett,Redmile,37,eredmile4c@issuu.com,Somalia,728-750-3927,49,High School Diploma,69
158,Alli,Badam,61,abadam4d@nba.com,Ecuador,377-309-9539,35,PhD,84
159,Reidar,Writer,53,rwriter4e@miibeian.gov.cn,Italy,968-289-8913,29,Bachelor's Degree,95
160,Iosep,Fripps,33,ifripps4f@ca.gov,Afghanistan,503-203-3839,29,Bachelor's Degree,61
161,Ronny,Gynni,61,rgynni4g@purevolume.com,Guatemala,146-583-0692,38,PhD,72
162,Fredrika,O'Rafferty,52,forafferty4h@nationalgeographic.com,China,506-550-8531,32,High School Diploma,7
163,Ad,Battin,58,abattin4i@nih.gov,China,152-804-6771,14,Master's Degree,31
164,Tandi,Conley,50,tconley4j@epa.gov,Russia,809-788-4425,31,Master's Degree,45
165,Chick,Erickssen,53,cerickssen4k@istockphoto.com,Uzbekistan,315-707-5096,44,High School Diploma,24
166,Abelard,Tellwright,67,atellwright4l@accuweather.com,Malaysia,816-356-2119,5,High School Diploma,9
167,Margie,Tongs,30,mtongs4m@alibaba.com,China,935-964-1188,3,Master's Degree,58
168,Geno,Wildash,64,gwildash4n@scientificamerican.com,China,577-300-8207,21,Bachelor's Degree,29
169,Steffie,O'Mailey,66,somailey4o@archive.org,Tanzania,729-899-8062,10,High School Diploma,6
170,Harriott,Winspire,58,hwinspire4p@edublogs.org,France,591-692-6645,37,PhD,94
171,Alexina,Hallums,48,ahallums4q@java.com,Estonia,155-546-3448,24,PhD,100
172,Dan,Jentgens,52,djentgens4r@hatena.ne.jp,Peru,673-765-5224,37,Bachelor's Degree,5
173,Hakim,Taudevin,48,htaudevin4s@mayoclinic.com,Argentina,874-743-3968,0,Master's Degree,62
174,Ephrayim,Totaro,49,etotaro4t@globo.com,Brazil,543-341-3261,34,Master's Degree,81
175,Rockie,Di Biasio,56,rdibiasio4u@home.pl,Indonesia,779-144-8001,41,PhD,66
176,Lenore,Pressnell,36,lpressnell4v@un.org,France,647-782-2991,8,Master's Degree,57
177,Krystyna,Tampling,31,ktampling4w@livejournal.com,Ireland,341-393-9922,12,Master's Degree,97
178,Merle,Ferdinand,70,mferdinand4x@google.co.jp,Russia,787-172-3942,6,PhD,42
179,Salmon,Gout,53,sgout4y@booking.com,Indonesia,986-645-4291,48,Bachelor's Degree,12
180,Astrix,Chidzoy,65,achidzoy4z@ibm.com,Japan,568-859-6498,6,High School Diploma,34
181,Caroljean,Brandenburg,55,cbrandenburg50@joomla.org,Iran,286-115-7768,9,Bachelor's Degree,44
182,Katinka,Gilmartin,37,kgilmartin51@stanford.edu,Indonesia,926-614-2698,12,PhD,13
183,Rafi,Cranny,61,rcranny52@github.io,Portugal,115-875-1806,9,PhD,55
184,Pavel,Becks,69,pbecks53@tinypic.com,Portugal,242-137-7698,6,Master's Degree,81
185,Allyce,Billiard,38,abilliard54@sbwire.com,China,346-941-7890,49,PhD,23
186,Rosabelle,Mennithorp,49,rmennithorp55@dell.com,Turkey,840-494-4887,14,PhD,81
187,Ora,Jovovic,34,ojovovic56@economist.com,Canada,519-556-7547,2,PhD,60
188,Darlene,Deetlefs,55,ddeetlefs57@npr.org,Italy,194-233-2716,16,Master's Degree,48
189,Roxanne,Ollcott,66,rollcott58@prlog.org,Myanmar,962-581-6895,38,Bachelor's Degree,3
190,Hyacinthia,Gimber,44,hgimber59@who.int,Czech Republic,592-474-1847,47,High School Diploma,53
191,Alethea,Raggitt,53,araggitt5a@slate.com,China,588-396-7323,24,Master's Degree,81
192,Helga,Boom,42,hboom5b@tiny.cc,Ecuador,658-381-0766,44,PhD,60
193,Katheryn,Dauby,36,kdauby5c@irs.gov,China,370-891-0205,3,PhD,88
194,Antonius,Hawkyens,30,ahawkyens5d@dot.gov,Bosnia and Herzegovina,204-267-8135,39,PhD,74
195,Kaspar,Dable,41,kdable5e@networkadvertising.org,Portugal,453-470-1701,6,Bachelor's Degree,93
196,Penni,Salmen,35,psalmen5f@ameblo.jp,Canada,132-276-7597,19,Bachelor's Degree,82
197,Veriee,Earl,36,vearl5g@state.gov,France,957-101-2515,50,Master's Degree,18
198,Mavra,Thandi,41,mthandi5h@statcounter.com,Poland,198-853-7420,21,Bachelor's Degree,17
199,Rosaline,Zannini,64,rzannini5i@reverbnation.com,China,151-735-5320,40,Bachelor's Degree,77
200,Delia,Szymonwicz,61,dszymonwicz5j@altervista.org,New Zealand,772-556-8593,44,PhD,55
201,Torie,Kneafsey,43,tkneafsey5k@blog.com,Russia,459-191-9126,36,Master's Degree,41
202,Cyb,Duiged,66,cduiged5l@wikimedia.org,Portugal,411-657-2339,17,Master's Degree,89
203,Cecilla,Rait,53,crait5m@github.com,Afghanistan,323-913-6449,12,Bachelor's Degree,81
204,Cross,Pyle,62,cpyle5n@wp.com,Czech Republic,188-355-4064,41,PhD,80
205,Thorn,Morot,62,tmorot5o@zimbio.com,Russia,129-302-1243,36,High School Diploma,78
206,Pattie,Mottley,66,pmottley5p@icio.us,Peru,939-564-8130,11,Master's Degree,49
207,Pearline,Wisden,46,pwisden5q@abc.net.au,China,283-118-2874,9,Master's Degree,98
208,Crissie,Strang,61,cstrang5r@lulu.com,China,648-357-0243,5,Bachelor's Degree,51
209,Nikolia,Benedito,34,nbenedito5s@etsy.com,Greece,482-427-2362,17,High School Diploma,53
210,Francoise,Barkworth,36,fbarkworth5t@narod.ru,Botswana,616-125-7326,35,High School Diploma,25
211,Yolane,Fairham,50,yfairham5u@ycombinator.com,Indonesia,542-137-7876,13,Master's Degree,49
212,Leighton,Rabbe,33,lrabbe5v@ycombinator.com,China,251-331-1010,0,High School Diploma,50
213,Baxie,Haggerwood,54,bhaggerwood5w@sciencedirect.com,Japan,531-858-5486,17,PhD,13
214,Janie,Crudgington,58,jcrudgington5x@apple.com,China,418-399-3527,2,High School Diploma,6
215,Stanislaus,Minear,47,sminear5y@lycos.com,China,378-704-1606,33,Master's Degree,20
216,Gannie,Haylands,61,ghaylands5z@nba.com,Laos,921-827-9777,41,Master's Degree,94
217,Hector,Fendlen,43,hfendlen60@gmpg.org,Mexico,344-282-4577,27,High School Diploma,11
218,Romain,Branigan,62,rbranigan61@yolasite.com,Peru,770-228-6464,13,High School Diploma,53
219,Piper,Dutton,42,pdutton62@sourceforge.net,Peru,302-694-6093,7,Bachelor's Degree,56
220,Goldi,Micklewright,32,gmicklewright63@ehow.com,Russia,162-157-4922,35,Bachelor's Degree,80
221,Dara,Velasquez,44,dvelasquez64@amazon.co.uk,Brazil,959-597-3601,40,Master's Degree,39
222,Lida,Llewelly,38,lllewelly65@house.gov,China,878-198-1459,5,PhD,46
223,Jacquenetta,McClunaghan,55,jmcclunaghan66@google.fr,Russia,366-587-5230,20,Bachelor's Degree,32
224,Brenn,Baskerfield,66,bbaskerfield67@bloglines.com,Portugal,215-551-8627,5,PhD,44
225,Eleonore,Gronaver,46,egronaver68@pbs.org,Finland,713-777-9275,50,Master's Degree,86
226,Dotti,Bleasdale,53,dbleasdale69@homestead.com,Uganda,910-967-1176,30,PhD,81
227,Hobie,Buie,66,hbuie6a@fastcompany.com,Ukraine,202-976-6880,9,High School Diploma,50
228,Jacqueline,Woolerton,69,jwoolerton6b@wiley.com,Nigeria,445-633-1418,39,Bachelor's Degree,69
229,Elle,Ferraresi,50,eferraresi6c@jimdo.com,Philippines,263-839-6308,10,Bachelor's Degree,58
230,Bamby,Kenyon,53,bkenyon6d@mac.com,Belarus,223-788-9509,41,Master's Degree,65
231,Franciska,Bakey,44,fbakey6e@ox.ac.uk,Russia,545-556-9056,45,Bachelor's Degree,50
232,Kristo,Ferrieres,40,kferrieres6f@toplist.cz,Serbia,166-388-6332,47,High School Diploma,69
233,Zarah,Fraczkiewicz,31,zfraczkiewicz6g@mail.ru,Hungary,267-261-8813,10,PhD,12
234,Windy,Gavrielly,53,wgavrielly6h@epa.gov,Ukraine,996-576-8341,26,Bachelor's Degree,95
235,Carlita,Dooland,69,cdooland6i@angelfire.com,Azerbaijan,188-321-9308,5,PhD,87
236,Bert,Gabala,67,bgabala6j@wsj.com,Russia,933-706-6171,9,Bachelor's Degree,93
237,Lorinda,De Giorgio,61,ldegiorgio6k@hostgator.com,Madagascar,987-626-3075,42,PhD,19
238,Lanni,Gockelen,59,lgockelen6l@amazon.co.jp,Indonesia,375-639-6578,14,Bachelor's Degree,8
239,Bird,Pinnigar,33,bpinnigar6m@ucsd.edu,China,213-263-1228,34,High School Diploma,68
240,Hildegarde,Kenney,58,hkenney6n@cloudflare.com,Vietnam,415-924-7328,16,High School Diploma,61
241,Evangelina,Campos,43,ecampos6o@example.com,Cameroon,262-337-4184,40,High School Diploma,76
242,Tabbitha,Matteoli,32,tmatteoli6p@t-online.de,Portugal,606-871-8115,13,Bachelor's Degree,40
243,Lexis,Gilffilland,47,lgilffilland6q@independent.co.uk,China,508-851-2822,27,High School Diploma,60
244,Pearce,McKeurtan,34,pmckeurtan6r@google.com.br,Portugal,653-882-0620,13,High School Diploma,55
245,Cirillo,Rumens,53,crumens6s@booking.com,China,664-513-5200,21,High School Diploma,95
246,Kenton,O'Bradden,67,kobradden6t@ameblo.jp,Sweden,579-814-9298,24,Master's Degree,96
247,Ash,Coggeshall,58,acoggeshall6u@goo.gl,Colombia,189-433-5698,20,PhD,47
248,Bald,Swires,58,bswires6v@disqus.com,Norway,895-867-9433,27,PhD,52
249,Clovis,Ivanishin,42,civanishin6w@barnesandnoble.com,Japan,649-983-3698,30,PhD,63
250,Filberte,Blyde,40,fblyde6x@unicef.org,Russia,794-673-0583,12,Bachelor's Degree,13
251,Weidar,Gossage,49,wgossage6y@webs.com,Indonesia,954-543-6727,17,PhD,64
252,Ode,Meus,69,omeus6z@hhs.gov,Portugal,374-842-3677,0,High School Diploma,17
253,Nixie,Gommowe,69,ngommowe70@skyrock.com,Philippines,360-788-0941,9,PhD,7
254,Jsandye,Skipworth,68,jskipworth71@earthlink.net,China,298-511-5433,30,PhD,64
255,Florrie,Reddihough,67,freddihough72@netlog.com,Sweden,816-426-2438,15,Bachelor's Degree,68
256,Eustace,Bakeup,69,ebakeup73@google.pl,Sweden,214-597-7368,46,Bachelor's Degree,52
257,Ashbey,Maryon,45,amaryon74@angelfire.com,Uganda,201-816-5397,0,High School Diploma,59
258,Mick,Straffon,62,mstraffon75@samsung.com,Sweden,184-853-4056,24,Master's Degree,11
259,Penelopa,Lomath,57,plomath76@yellowbook.com,Sweden,344-569-2411,3,PhD,10
260,Dinnie,Bowshire,64,dbowshire77@berkeley.edu,Norway,817-807-7940,37,Master's Degree,9
261,Dionysus,Rucklidge,49,drucklidge78@bing.com,Mexico,552-496-7108,34,Master's Degree,25
262,Janenna,Dupoy,50,jdupoy79@answers.com,Philippines,870-670-4191,44,High School Diploma,58
263,Rosemonde,Amey,32,ramey7a@spotify.com,China,521-391-1420,4,High School Diploma,11
264,Oliver,Greest,34,ogreest7b@1und1.de,Luxembourg,588-951-5694,16,PhD,30
265,Davy,Legerwood,64,dlegerwood7c@fotki.com,Greece,788-251-3279,31,High School Diploma,88
266,Paige,Radin,37,pradin7d@google.cn,China,764-199-5984,36,Bachelor's Degree,71
267,Demetris,Hort,65,dhort7e@elpais.com,Philippines,740-874-6680,46,Bachelor's Degree,96
268,Nichole,Lasseter,41,nlasseter7f@usa.gov,Portugal,262-601-6091,44,High School Diploma,47
269,Myer,Blaylock,41,mblaylock7g@bbb.org,Spain,490-697-4188,8,High School Diploma,97
270,Tim,Worstall,52,tworstall7h@studiopress.com,Indonesia,178-591-5817,30,Master's Degree,75
271,Bear,McQuade,58,bmcquade7i@shareasale.com,Indonesia,687-188-0178,16,Bachelor's Degree,31
272,Vivienne,Hallam,30,vhallam7j@parallels.com,Afghanistan,367-734-1031,4,Bachelor's Degree,59
273,Shawna,Pattrick,56,spattrick7k@1und1.de,Vietnam,798-137-8068,42,Bachelor's Degree,15
274,Annissa,Killick,43,akillick7l@xrea.com,Mexico,410-535-6536,8,High School Diploma,91
275,Morley,Kindley,52,mkindley7m@narod.ru,Tanzania,744-700-1130,43,Master's Degree,37
276,Konrad,Dufoure,56,kdufoure7n@wiley.com,China,340-245-6182,8,Master's Degree,26
277,Aigneis,Estick,31,aestick7o@gizmodo.com,Gambia,435-360-2109,39,PhD,33
278,Olimpia,Simmon,53,osimmon7p@google.com.hk,Portugal,504-961-8702,37,PhD,78
279,Kerry,Cassam,62,kcassam7q@usda.gov,Turkmenistan,592-353-3440,47,Master's Degree,37
280,Niko,McAne,70,nmcane7r@slideshare.net,Saudi Arabia,596-388-9610,9,Bachelor's Degree,81
281,Jennifer,Tullett,67,jtullett7s@prweb.com,Indonesia,349-314-5393,9,Bachelor's Degree,77
282,Angie,Baroc,51,abaroc7t@slate.com,China,176-894-9516,39,PhD,45
283,Nelle,Learned,65,nlearned7u@sun.com,Belarus,665-370-0908,23,PhD,47
284,Caroljean,Metzke,64,cmetzke7v@goodreads.com,Burkina Faso,389-809-4695,29,High School Diploma,57
285,Melisse,Vannar,37,mvannar7w@elpais.com,Norway,191-975-4545,11,Bachelor's Degree,46
286,Giffer,Batiste,33,gbatiste7x@umn.edu,United States,901-237-3403,48,Bachelor's Degree,10
287,Filippo,Muldoon,58,fmuldoon7y@is.gd,Denmark,415-878-9177,39,High School Diploma,48
288,Birgitta,Pinel,31,bpinel7z@constantcontact.com,Russia,168-846-1538,29,Bachelor's Degree,49
289,Rex,Franzen,42,rfranzen80@pcworld.com,Russia,761-332-2789,32,PhD,7
290,Obadiah,Wordley,45,owordley81@omniture.com,Ukraine,875-135-4516,2,Bachelor's Degree,20
291,Mathilde,Jealous,41,mjealous82@baidu.com,Slovenia,569-521-4042,18,High School Diploma,2
292,Basil,Ianni,48,bianni83@pagesperso-orange.fr,Portugal,994-614-6328,22,Bachelor's Degree,97
293,Colly,Rumming,39,crumming84@wix.com,Indonesia,746-885-0257,48,High School Diploma,64
294,Nolana,Tinn,39,ntinn85@shareasale.com,Indonesia,558-175-9643,36,PhD,75
295,Zeke,Cumberland,66,zcumberland86@webnode.com,China,878-823-6524,21,High School Diploma,38
296,Corey,Twidell,33,ctwidell87@economist.com,Portugal,545-631-5020,38,Bachelor's Degree,24
297,Flss,Houndson,37,fhoundson88@huffingtonpost.com,Thailand,752-377-1572,8,PhD,16
298,Lina,Matteini,59,lmatteini89@freewebs.com,Croatia,888-884-7720,50,High School Diploma,23
299,Jasmin,McCague,66,jmccague8a@blinklist.com,Indonesia,908-217-8905,25,Bachelor's Degree,20
300,Cherie,Baumer,69,cbaumer8b@irs.gov,France,506-631-0811,48,PhD,35
301,Twila,Androli,66,tandroli8c@dropbox.com,Japan,421-469-0966,30,PhD,65
302,Henrie,Gibben,49,hgibben8d@icio.us,China,609-144-2541,33,Bachelor's Degree,98
303,Nerty,Digle,37,ndigle8e@china.com.cn,Indonesia,467-923-2715,33,Master's Degree,30
304,Rosanne,Levens,51,rlevens8f@exblog.jp,Russia,569-647-8249,50,Master's Degree,41
305,Aldis,Owttrim,68,aowttrim8g@people.com.cn,Peru,962-328-5175,36,Bachelor's Degree,39
306,Svend,Ambrosetti,30,sambrosetti8h@nasa.gov,Russia,563-617-4812,34,Bachelor's Degree,64
307,Wenonah,Wing,36,wwing8i@elegantthemes.com,Niger,368-512-5025,2,PhD,71
308,Eamon,Dinkin,39,edinkin8j@behance.net,Morocco,189-708-3095,6,Master's Degree,19
309,Maryl,Loads,35,mloads8k@gov.uk,Indonesia,834-995-9779,49,PhD,56
310,Iver,Flisher,32,iflisher8l@wisc.edu,China,466-741-3470,1,Master's Degree,21
311,Rab,Jirick,48,rjirick8m@nydailynews.com,Vietnam,137-972-2454,25,Bachelor's Degree,90
312,Lorenzo,Speere,39,lspeere8n@ezinearticles.com,Australia,464-762-7143,8,Bachelor's Degree,22
313,Denis,Simoncello,56,dsimoncello8o@ucoz.com,Mexico,901-883-3388,10,High School Diploma,65
314,Lissy,Puden,48,lpuden8p@unesco.org,Sierra Leone,959-106-2116,12,PhD,100
315,Myrtice,Crozier,45,mcrozier8q@utexas.edu,Portugal,140-420-6467,0,High School Diploma,2
316,Anna,Badder,57,abadder8r@pagesperso-orange.fr,Myanmar,385-162-2190,10,PhD,50
317,Mariellen,Dunabie,58,mdunabie8s@discovery.com,Indonesia,390-163-9097,19,Bachelor's Degree,25
318,Mommy,Ordemann,40,mordemann8t@hibu.com,Philippines,667-163-9562,6,PhD,34
319,Ruby,Lusk,46,rlusk8u@google.com.hk,China,772-535-2381,36,Master's Degree,7
320,Leanor,Bewsy,37,lbewsy8v@sun.com,Portugal,722-428-9565,11,Bachelor's Degree,100
321,Rhett,Collecott,65,rcollecott8w@surveymonkey.com,Greece,490-324-7265,31,Bachelor's Degree,71
322,Wynnie,Thraves,30,wthraves8x@thetimes.co.uk,Indonesia,943-835-8133,31,Bachelor's Degree,90
323,Abran,Joll,66,ajoll8y@house.gov,Greece,740-318-9720,17,Bachelor's Degree,94
324,Filberte,Watkiss,33,fwatkiss8z@amazon.com,Haiti,598-209-2759,8,High School Diploma,26
325,Beryle,Forsdicke,51,bforsdicke90@amazon.co.uk,China,720-924-8514,30,High School Diploma,0
326,Andriana,Cockrill,59,acockrill91@barnesandnoble.com,Indonesia,326-248-0708,45,PhD,91
327,Urson,McKellar,68,umckellar92@mail.ru,Serbia,833-998-1807,18,Master's Degree,47
328,Veronike,Pidgeon,40,vpidgeon93@miibeian.gov.cn,Canada,102-777-0379,13,Bachelor's Degree,95
329,Mychal,MacCosto,55,mmaccosto94@yale.edu,Croatia,447-785-0928,30,Master's Degree,4
330,Karney,Please,34,kplease95@npr.org,Indonesia,441-146-4748,4,Bachelor's Degree,9
331,Mickie,Alelsandrowicz,55,malelsandrowicz96@ucoz.com,Indonesia,529-628-4493,24,PhD,60
332,Marisa,Potes,57,mpotes97@live.com,Japan,540-507-8334,49,Bachelor's Degree,79
333,Dorette,Wyson,36,dwyson98@oracle.com,Ukraine,435-170-5307,40,Bachelor's Degree,51
334,Livia,Wileman,51,lwileman99@ucsd.edu,China,501-545-5507,35,High School Diploma,83
335,Corene,Sherville,61,csherville9a@bandcamp.com,Indonesia,481-291-5841,6,PhD,55
336,Giusto,Barlie,60,gbarlie9b@guardian.co.uk,China,340-879-5430,2,High School Diploma,37
337,See,Sire,32,ssire9c@ox.ac.uk,Peru,269-433-7369,15,Master's Degree,19
338,Bank,Tyson,57,btyson9d@flickr.com,Mongolia,949-630-6582,25,PhD,20
339,Cris,Mattiazzi,68,cmattiazzi9e@webmd.com,Peru,955-436-5681,19,High School Diploma,35
340,Timmy,Mitkin,67,tmitkin9f@elegantthemes.com,Russia,632-699-5335,30,High School Diploma,67
341,Morey,Trangmar,34,mtrangmar9g@1und1.de,Argentina,760-935-0656,26,High School Diploma,51
342,Viola,Treby,59,vtreby9h@samsung.com,China,854-298-1274,20,PhD,44
343,Frederick,Quenell,46,fquenell9i@abc.net.au,China,645-112-7387,32,PhD,91
344,Drona,Peinton,38,dpeinton9j@umich.edu,Philippines,234-331-0021,16,High School Diploma,48
345,Cyrille,Karolyi,51,ckarolyi9k@reference.com,Russia,609-623-4808,2,PhD,24
346,Kendra,Nottingam,35,knottingam9l@princeton.edu,Japan,186-769-2083,48,Master's Degree,55
347,Kameko,Stappard,61,kstappard9m@privacy.gov.au,Ukraine,958-802-5771,0,Bachelor's Degree,76
348,Simeon,Chappelow,61,schappelow9n@slideshare.net,Mexico,848-991-6165,14,PhD,28
349,Daniele,Adlington,43,dadlington9o@newyorker.com,Greece,440-454-0179,9,High School Diploma,27
350,Paton,Matts,58,pmatts9p@jimdo.com,Netherlands,666-263-4897,32,Master's Degree,54
351,Britteny,Jachimczak,67,bjachimczak9q@economist.com,Cameroon,332-690-6992,0,Bachelor's Degree,9
352,Matthaeus,Conechie,58,mconechie9r@ucsd.edu,Egypt,176-460-0617,34,PhD,26
353,Delphine,Diem,37,ddiem9s@hp.com,Indonesia,424-336-4527,12,Bachelor's Degree,33
354,Sebastien,Tomblings,61,stomblings9t@dion.ne.jp,United States,330-577-2839,40,Bachelor's Degree,1
355,Raimund,Christofol,57,rchristofol9u@dell.com,Japan,928-348-5516,11,Master's Degree,51
356,Molly,McKeney,58,mmckeney9v@wikia.com,Finland,865-831-3401,33,High School Diploma,19
357,Maris,Moggie,33,mmoggie9w@photobucket.com,China,692-530-0784,49,Bachelor's Degree,2
358,Heather,Cochet,63,hcochet9x@smugmug.com,Philippines,573-383-4163,43,PhD,63
359,Hasheem,Haspineall,47,hhaspineall9y@fema.gov,Brazil,535-406-3493,49,High School Diploma,28
360,Davida,Marco,55,dmarco9z@eepurl.com,China,465-842-6259,33,PhD,86
361,Eloisa,Pithcock,57,epithcocka0@virginia.edu,Pakistan,567-538-1557,27,High School Diploma,29
362,Gayelord,Agget,33,gaggeta1@constantcontact.com,Brazil,734-806-9905,49,Bachelor's Degree,63
363,Hillary,Denniston,32,hdennistona2@merriam-webster.com,Brazil,935-968-6778,37,Master's Degree,66
364,Kiley,Hardwell,45,khardwella3@linkedin.com,China,497-142-0156,24,Bachelor's Degree,99
365,Neysa,Swepson,63,nswepsona4@miibeian.gov.cn,Lebanon,718-320-3057,49,High School Diploma,35
366,Marcellus,Moakes,50,mmoakesa5@360.cn,Philippines,860-240-9016,5,High School Diploma,84
367,Stern,Dedon,54,sdedona6@unicef.org,Indonesia,233-167-3736,9,Bachelor's Degree,59
368,Hertha,Arman,69,harmana7@ustream.tv,France,999-864-5964,17,High School Diploma,12
369,Buckie,Pinch,68,bpincha8@seesaa.net,Czech Republic,851-985-0525,33,PhD,51
370,Sebastian,Hempshall,56,shempshalla9@exblog.jp,Sweden,115-614-1035,48,PhD,48
371,Wilmer,Earley,36,wearleyaa@usda.gov,Bangladesh,382-393-6463,6,Master's Degree,31
372,Analiese,Domsalla,58,adomsallaab@youku.com,Philippines,987-145-6786,18,Master's Degree,39
373,Michal,De Laci,35,mdelaciac@xinhuanet.com,Kenya,758-962-2816,4,High School Diploma,12
374,Sarene,Exter,61,sexterad@google.com.au,Canada,291-636-7109,19,Master's Degree,12
375,Sutherlan,Seear,66,sseearae@hatena.ne.jp,Argentina,255-681-2152,28,High School Diploma,32
376,Raymond,Broadey,65,rbroadeyaf@reverbnation.com,Syria,931-849-8639,17,PhD,66
377,Jed,Ferriman,69,jferrimanag@state.tx.us,China,951-336-1061,48,PhD,26
378,Archambault,Arboine,31,aarboineah@surveymonkey.com,Venezuela,188-178-2426,19,High School Diploma,55
379,Ichabod,Halse,63,ihalseai@parallels.com,Taiwan,269-532-4124,27,Master's Degree,68
380,Kimberlee,Josland,55,kjoslandaj@cisco.com,Japan,465-584-7378,47,High School Diploma,10
381,Laura,McConville,59,lmcconvilleak@skype.com,Philippines,666-173-3730,7,High School Diploma,71
382,Joey,Cotmore,59,jcotmoreal@livejournal.com,Japan,871-426-3496,44,Bachelor's Degree,94
383,Wendy,Livett,53,wlivettam@dmoz.org,Zimbabwe,263-224-6394,2,High School Diploma,79
384,Farr,Nestle,32,fnestlean@1und1.de,Indonesia,356-313-8116,50,PhD,32
385,Perri,Gethings,48,pgethingsao@posterous.com,China,268-364-8166,25,PhD,62
386,Anna-maria,Addionisio,69,aaddionisioap@acquirethisname.com,Indonesia,777-967-9215,47,Master's Degree,51
387,Katti,Braycotton,45,kbraycottonaq@google.com,Thailand,709-443-4523,18,Bachelor's Degree,58
388,Talyah,Olivo,30,tolivoar@wikimedia.org,Philippines,550-276-8136,5,Master's Degree,84
389,Judah,Frangione,56,jfrangioneas@hhs.gov,Japan,871-142-2849,47,PhD,1
390,Lynnea,Gewer,53,lgewerat@sogou.com,China,154-751-4366,25,Master's Degree,42
391,Helaina,Brocklebank,69,hbrocklebankau@meetup.com,China,468-575-0088,30,PhD,61
392,Gillie,Bischof,36,gbischofav@artisteer.com,Indonesia,585-445-8133,4,High School Diploma,4
393,Mahalia,Tackle,34,mtackleaw@vk.com,Mexico,733-268-8146,28,Master's Degree,89
394,Ibbie,Georgeou,56,igeorgeouax@desdev.cn,Philippines,988-540-3095,8,Bachelor's Degree,66
395,Shermy,Skellen,66,sskellenay@booking.com,Philippines,376-822-9708,19,Bachelor's Degree,16
396,Mildrid,Leagas,70,mleagasaz@economist.com,United States,571-547-5045,44,Master's Degree,63
397,Myrtie,Biddle,70,mbiddleb0@gov.uk,Panama,373-970-8700,47,High School Diploma,29
398,Zorine,Winterbotham,42,zwinterbothamb1@uol.com.br,Afghanistan,448-602-9392,30,Bachelor's Degree,16
399,Madella,Comi,41,mcomib2@linkedin.com,United States,251-458-3812,37,Master's Degree,99
400,Jessey,Poinsett,50,jpoinsettb3@scribd.com,Indonesia,917-989-0987,22,High School Diploma,91
401,Tyson,Doutch,52,tdoutchb4@networkadvertising.org,China,556-203-3922,37,Bachelor's Degree,19
402,Fairfax,Gawen,33,fgawenb5@ca.gov,Mexico,581-750-1165,13,High School Diploma,40
403,Rianon,Preston,64,rprestonb6@ibm.com,Philippines,642-545-7485,24,Master's Degree,20
404,Marje,Mainstone,50,mmainstoneb7@prweb.com,China,960-876-4398,29,Bachelor's Degree,52
405,Anissa,Brame,56,abrameb8@cocolog-nifty.com,Russia,132-717-7511,11,Bachelor's Degree,94
406,Odilia,Sherrott,63,osherrottb9@yolasite.com,Indonesia,721-501-0848,44,High School Diploma,43
407,Bridie,Nelthropp,30,bnelthroppba@reference.com,Cameroon,514-352-6991,6,High School Diploma,19
408,Lucretia,Fibbings,45,lfibbingsbb@economist.com,China,158-354-0445,48,Master's Degree,3
409,Merrile,Lovekin,40,mlovekinbc@dell.com,China,729-715-2356,29,Master's Degree,89
410,Guinevere,Pearlman,33,gpearlmanbd@goo.ne.jp,United States,732-874-6017,16,PhD,63
411,Amory,Laux,52,alauxbe@instagram.com,Brazil,788-768-7974,42,High School Diploma,43
412,Westbrooke,Easterfield,59,weasterfieldbf@moonfruit.com,China,772-295-2740,11,PhD,68
413,Mirabella,Hatchard,44,mhatchardbg@merriam-webster.com,United Arab Emirates,807-514-7419,23,Master's Degree,46
414,Ilsa,Adolf,35,iadolfbh@dmoz.org,Brazil,247-187-4457,16,Master's Degree,100
415,Beryl,Kensall,49,bkensallbi@cargocollective.com,Philippines,532-945-6805,2,High School Diploma,45
416,Katy,Deeks,59,kdeeksbj@squarespace.com,Poland,404-350-3116,35,High School Diploma,68
417,Israel,Stark,53,istarkbk@gnu.org,Japan,529-980-3802,6,High School Diploma,27
418,Yale,Thody,69,ythodybl@fastcompany.com,Montenegro,468-266-6203,13,High School Diploma,19
419,Issie,Whatford,70,iwhatfordbm@springer.com,China,356-148-3510,0,PhD,55
420,Deanna,Gress,41,dgressbn@gov.uk,Slovenia,528-656-4274,23,PhD,50
421,Pietro,Kacheler,65,pkachelerbo@creativecommons.org,Ukraine,432-355-1614,45,Master's Degree,15
422,Candace,Grichukhin,37,cgrichukhinbp@rakuten.co.jp,Pakistan,484-952-7721,35,High School Diploma,26
423,Paulina,Deas,49,pdeasbq@sun.com,Ghana,427-954-1625,15,Bachelor's Degree,3
424,Immanuel,Goddard,33,igoddardbr@miibeian.gov.cn,Sweden,405-211-3522,46,Bachelor's Degree,85
425,Leoline,Hargess,34,lhargessbs@e-recht24.de,China,101-297-5550,6,High School Diploma,25
426,Reeba,Vasser,60,rvasserbt@shop-pro.jp,Philippines,438-827-0208,12,Master's Degree,55
427,Bella,Meiningen,61,bmeiningenbu@mashable.com,Belarus,652-573-1652,25,Master's Degree,64
428,Thornie,Sporton,61,tsportonbv@nps.gov,France,715-845-9685,25,PhD,97
429,Abby,Headford,69,aheadfordbw@skype.com,Barbados,402-134-8721,20,High School Diploma,84
430,Doti,Di Boldi,52,ddiboldibx@hostgator.com,France,814-816-8974,44,Bachelor's Degree,34
431,Jayne,Rillatt,58,jrillattby@ox.ac.uk,China,533-233-7564,12,Bachelor's Degree,59
432,Orv,Angear,32,oangearbz@guardian.co.uk,Poland,398-745-8369,47,High School Diploma,52
433,Merline,Veld,63,mveldc0@dion.ne.jp,China,751-929-7237,18,PhD,98
434,Jen,Moore,69,jmoorec1@ft.com,Philippines,129-799-1623,0,PhD,27
435,Even,Harrald,41,eharraldc2@mediafire.com,China,219-995-3132,22,Bachelor's Degree,31
436,Penny,Danzey,41,pdanzeyc3@yahoo.co.jp,Brazil,924-447-2899,34,Bachelor's Degree,97
437,Packston,Hovel,44,phovelc4@vimeo.com,China,496-528-6555,1,PhD,48
438,Carolynn,Pflieger,37,cpfliegerc5@imdb.com,Canada,512-292-2571,40,Bachelor's Degree,54
439,Carmen,Veracruysse,30,cveracruyssec6@craigslist.org,China,384-238-9254,46,PhD,35
440,Blanch,Grinley,59,bgrinleyc7@blogger.com,Japan,647-190-3345,1,PhD,25
441,Yule,Booker,56,ybookerc8@odnoklassniki.ru,China,731-219-9362,48,High School Diploma,45
442,Laurianne,Noteyoung,37,lnoteyoungc9@gmpg.org,Russia,101-382-8339,3,PhD,94
443,Linn,Noni,61,lnonica@dailymotion.com,Czech Republic,720-406-6623,40,Master's Degree,27
444,Elnora,Guyonnet,50,eguyonnetcb@sciencedirect.com,China,637-410-5207,26,High School Diploma,59
445,Philly,Djurkovic,63,pdjurkoviccc@exblog.jp,Ecuador,867-900-7755,47,Master's Degree,56
446,Garrard,Giraudat,63,ggiraudatcd@seattletimes.com,China,236-888-5440,40,Bachelor's Degree,87
447,Curry,Tibbs,50,ctibbsce@hc360.com,Finland,780-227-4713,33,PhD,40
448,Xylina,Felten,57,xfeltencf@altervista.org,Indonesia,729-404-2349,34,Bachelor's Degree,25
449,Lynde,Clipston,44,lclipstoncg@wordpress.com,Mongolia,604-170-2035,21,Master's Degree,30
450,Eugenio,Ellicombe,63,eellicombech@usnews.com,Portugal,409-327-9922,23,Bachelor's Degree,71
451,Elnar,Comber,68,ecomberci@spiegel.de,Serbia,430-368-9144,9,Bachelor's Degree,94
452,Will,Corp,50,wcorpcj@yellowpages.com,China,199-488-2984,27,High School Diploma,49
453,Lira,Hughesdon,60,lhughesdonck@about.com,Argentina,276-636-4188,24,Master's Degree,56
454,Dorthy,Cottam,50,dcottamcl@weather.com,China,787-528-1464,9,PhD,94
455,Ainsley,Allgood,62,aallgoodcm@wordpress.org,China,989-508-8432,8,PhD,39
456,Lorene,Mayow,30,lmayowcn@ning.com,Kazakhstan,626-961-1289,37,Bachelor's Degree,52
457,Terencio,Greyes,35,tgreyesco@mapy.cz,Cambodia,361-895-8698,20,Master's Degree,49
458,Naomi,Quarterman,31,nquartermancp@hibu.com,Guatemala,250-220-4523,49,Bachelor's Degree,37
459,Allie,Kain,55,akaincq@discovery.com,China,980-123-7163,18,Bachelor's Degree,23
460,North,O Sullivan,52,nosullivancr@usda.gov,Ecuador,462-890-2526,47,High School Diploma,88
461,Louisette,O'Cannan,40,locannancs@dmoz.org,United States,918-532-6276,35,Bachelor's Degree,82
462,Krystal,de Copeman,54,kdecopemanct@51.la,Indonesia,345-756-8669,9,Master's Degree,62
463,Lothario,Iamittii,30,liamittiicu@ucla.edu,Ukraine,663-659-9749,18,Master's Degree,83
464,Carce,Goalley,35,cgoalleycv@sun.com,Indonesia,480-993-4018,31,High School Diploma,41
465,Maridel,Ellingsworth,63,mellingsworthcw@youku.com,Israel,202-137-8158,46,Master's Degree,45
466,Edgard,MacAndrew,52,emacandrewcx@wunderground.com,China,656-186-4358,29,High School Diploma,9
467,Zola,Blaiklock,54,zblaiklockcy@state.gov,China,897-146-3817,14,Master's Degree,52
468,Ezri,Fritz,56,efritzcz@dot.gov,Syria,213-732-1501,36,PhD,94
469,Carlen,Ramelet,31,crameletd0@wp.com,Argentina,143-453-7512,45,PhD,31
470,Fidelity,Mattheus,67,fmattheusd1@google.es,Russia,291-912-1903,49,Bachelor's Degree,33
471,Lyn,Barnfield,44,lbarnfieldd2@163.com,Thailand,156-148-6744,28,Bachelor's Degree,71
472,Muire,DelaField,66,mdelafieldd3@go.com,Zimbabwe,421-334-2049,15,PhD,18
473,Stu,Griffe,40,sgriffed4@abc.net.au,China,984-322-5734,26,Master's Degree,61
474,Torrin,Berthomieu,57,tberthomieud5@yelp.com,Indonesia,507-983-9484,28,Master's Degree,41
475,Lorelei,Durnall,65,ldurnalld6@wikimedia.org,Cyprus,180-635-7909,19,PhD,39
476,Town,Turbat,59,tturbatd7@cafepress.com,Dominican Republic,796-390-1808,7,PhD,63
477,Daisy,Hindes,40,dhindesd8@weather.com,China,280-364-6534,44,PhD,11
478,Joscelin,De Cruce,37,jdecruced9@topsy.com,China,983-227-0212,35,Master's Degree,62
479,Aurie,Huke,66,ahukeda@dyndns.org,Turkmenistan,870-471-0681,26,Bachelor's Degree,61
480,Dionisio,Boyde,40,dboydedb@usda.gov,United States,612-842-4674,6,Master's Degree,41
481,Morgan,Matthensen,56,mmatthensendc@bandcamp.com,Poland,549-271-0874,14,High School Diploma,99
482,Clio,Yellowlee,63,cyellowleedd@ocn.ne.jp,Ecuador,607-398-9587,20,PhD,66
483,Hodge,Skechley,59,hskechleyde@fastcompany.com,Poland,313-520-4371,19,High School Diploma,3
484,Rivalee,Fury,33,rfurydf@netlog.com,Switzerland,987-233-1180,13,High School Diploma,31
485,Boycie,Raeside,54,braesidedg@rakuten.co.jp,China,735-594-1835,7,Bachelor's Degree,52
486,Guillema,Minithorpe,39,gminithorpedh@angelfire.com,Mexico,553-309-9267,31,Bachelor's Degree,70
487,Chickie,Cottier,65,ccottierdi@fc2.com,Bulgaria,448-529-8804,40,High School Diploma,89
488,Sally,Willshire,66,swillshiredj@dion.ne.jp,China,332-703-6371,16,PhD,92
489,Helena,Swateridge,67,hswateridgedk@acquirethisname.com,Poland,883-919-6431,39,High School Diploma,42
490,Malorie,Umfrey,56,mumfreydl@liveinternet.ru,Philippines,692-558-2255,12,Master's Degree,15
491,Frannie,Nurse,67,fnursedm@yolasite.com,China,846-839-2743,10,High School Diploma,96
492,Constanta,Rawnsley,62,crawnsleydn@booking.com,Indonesia,762-810-8318,18,Master's Degree,11
493,Lazaro,Hillam,49,lhillamdo@ebay.co.uk,Senegal,286-474-7254,17,PhD,96
494,Gisela,Claiden,38,gclaidendp@shutterfly.com,China,378-661-0737,34,Master's Degree,21
495,Tresa,Thresh,55,tthreshdq@vkontakte.ru,China,256-774-7661,26,Master's Degree,70
496,Matthaeus,Hackin,31,mhackindr@sbwire.com,Philippines,826-904-8755,45,Master's Degree,66
497,Corinna,Everwin,36,ceverwinds@rambler.ru,Poland,444-573-1203,45,Master's Degree,19
498,Dollie,Vaugham,46,dvaughamdt@t.co,China,608-499-9114,40,PhD,5
499,Beilul,Kilrow,60,bkilrowdu@slate.com,Philippines,603-489-2457,48,High School Diploma,13
500,Rosanna,Vyel,54,rvyeldv@naver.com,China,224-758-6789,5,PhD,31
501,Phyllis,Scurrah,39,pscurrahdw@ed.gov,Indonesia,400-399-9111,31,Master's Degree,65
502,Mahala,Valance,36,mvalancedx@loc.gov,China,909-446-4563,18,Master's Degree,79
503,Georgena,Hanbury-Brown,63,ghanburybrowndy@google.com.au,Russia,304-122-7657,7,Master's Degree,83
504,Rinaldo,Coat,56,rcoatdz@webeden.co.uk,Kosovo,387-236-9548,50,Bachelor's Degree,55
505,Letisha,Sondon,33,lsondone0@timesonline.co.uk,France,948-480-5617,23,Bachelor's Degree,46
506,Joelie,Culligan,52,jculligane1@a8.net,China,566-717-2637,17,Bachelor's Degree,15
507,Shae,Shawcroft,69,sshawcrofte2@de.vu,Greece,987-492-6210,13,Bachelor's Degree,26
508,Caryl,Capewell,43,ccapewelle3@phpbb.com,Egypt,507-565-8163,21,Master's Degree,44
509,Celka,Farre,57,cfarree4@php.net,Portugal,451-552-9894,29,Master's Degree,43
510,Alane,Dahlberg,50,adahlberge5@hubpages.com,Indonesia,715-807-6808,49,Bachelor's Degree,34
511,Glynis,Bowell,32,gbowelle6@gnu.org,China,221-350-5704,5,Bachelor's Degree,40
512,Delilah,Stoffers,70,dstofferse7@mediafire.com,Latvia,111-526-1816,11,Bachelor's Degree,44
513,Steffane,Viccary,41,sviccarye8@seattletimes.com,Bolivia,736-261-5607,32,PhD,7
514,Nolly,Stutely,56,nstutelye9@nhs.uk,China,949-317-4221,39,Master's Degree,19
515,Teirtza,McClinton,56,tmcclintonea@imdb.com,Bahrain,657-808-4658,48,Master's Degree,64
516,Pru,Macia,41,pmaciaeb@hao123.com,Mongolia,674-949-9350,10,High School Diploma,100
517,Paquito,Willoughby,45,pwilloughbyec@bbb.org,Ireland,435-228-5556,27,PhD,39
518,Marcelia,Brugemann,59,mbrugemanned@usnews.com,Thailand,821-590-2685,34,High School Diploma,40
519,Kaleena,Well,43,kwellee@meetup.com,China,462-750-2501,2,High School Diploma,27
520,Vitoria,Kinchley,51,vkinchleyef@hc360.com,China,576-631-4022,18,PhD,7
521,Ollie,Denmead,67,odenmeadeg@cargocollective.com,China,180-592-2416,11,High School Diploma,32
522,Geralda,Coade,65,gcoadeeh@examiner.com,Bosnia and Herzegovina,177-280-0719,24,Bachelor's Degree,44
523,Bo,Pladen,67,bpladenei@tamu.edu,New Zealand,758-125-1086,16,Bachelor's Degree,71
524,Jessamine,Sayward,31,jsaywardej@rambler.ru,Canada,906-733-9901,49,High School Diploma,90
525,Garrick,Bithell,65,gbithellek@shareasale.com,Poland,555-618-5088,26,Master's Degree,11
526,Hedy,Dankersley,55,hdankersleyel@topsy.com,Armenia,834-571-3943,24,Master's Degree,64
527,Jasmin,Arnold,33,jarnoldem@unblog.fr,Brazil,617-996-4514,15,Master's Degree,99
528,Sib,Grimble,42,sgrimbleen@istockphoto.com,Czech Republic,451-736-5965,12,Bachelor's Degree,70
529,Audrye,Allatt,30,aallatteo@forbes.com,Egypt,284-767-3928,6,High School Diploma,86
530,Kylie,Larcher,60,klarcherep@squidoo.com,China,243-922-7593,48,Bachelor's Degree,49
531,Michele,Grimolbie,53,mgrimolbieeq@meetup.com,China,268-546-8574,45,PhD,99
532,Krista,Cliffe,33,kcliffeer@census.gov,Morocco,979-501-2547,43,Bachelor's Degree,83
533,Maurice,Barraclough,58,mbarracloughes@rambler.ru,Sweden,630-806-3995,25,Master's Degree,76
534,Lannie,Coners,35,lconerset@topsy.com,Hungary,607-612-1048,10,Master's Degree,58
535,Barrett,Nutter,62,bnuttereu@meetup.com,Philippines,377-400-1272,16,High School Diploma,91
536,Jameson,Treswell,47,jtreswellev@fotki.com,Philippines,700-849-6252,44,Bachelor's Degree,59
537,Perla,Leamon,63,pleamonew@soundcloud.com,Canada,905-716-4994,3,Bachelor's Degree,26
538,Trude,Fitton,64,tfittonex@nytimes.com,Indonesia,134-705-4223,39,PhD,50
539,Sissie,Nast,37,snastey@accuweather.com,China,402-565-6536,15,PhD,40
540,Alfie,Daile,48,adaileez@webmd.com,Indonesia,726-543-5346,19,PhD,31
541,Noble,O'Cridigan,68,nocridiganf0@dmoz.org,France,802-301-1586,23,Master's Degree,34
542,Frankie,Eloy,33,feloyf1@go.com,Germany,604-323-5095,50,Bachelor's Degree,56
543,Terrell,Von Der Empten,41,tvonderemptenf2@npr.org,Pakistan,583-596-9184,33,Master's Degree,28
544,Rhoda,Abrahamoff,32,rabrahamofff3@unblog.fr,China,469-645-0621,39,PhD,82
545,Robinet,Lieber,51,rlieberf4@rambler.ru,Indonesia,928-986-6902,35,PhD,42
546,Dennison,Akenhead,40,dakenheadf5@ucla.edu,Argentina,700-141-5869,35,PhD,6
547,Jobie,Peggrem,55,jpeggremf6@myspace.com,China,577-758-6873,9,PhD,82
548,Boris,Hookes,55,bhookesf7@booking.com,Zambia,668-897-6868,50,PhD,98
549,Carmine,Giraudel,59,cgiraudelf8@mapy.cz,China,523-284-8910,27,Master's Degree,9
550,Ardis,Wallege,63,awallegef9@163.com,Pitcairn,518-291-4288,2,Bachelor's Degree,51
551,Andreas,Lomansey,67,alomanseyfa@buzzfeed.com,Mongolia,544-281-7432,50,High School Diploma,17
552,Thacher,Foggo,46,tfoggofb@flavors.me,United States,210-253-6960,29,Master's Degree,14
553,Ronnica,Yokley,68,ryokleyfc@newyorker.com,Ukraine,600-507-0702,14,Bachelor's Degree,53
554,Electra,Crich,44,ecrichfd@imdb.com,China,436-620-0582,25,Master's Degree,19
555,Helaine,Jeakins,64,hjeakinsfe@discovery.com,Philippines,788-697-9312,35,Bachelor's Degree,41
556,Merle,Mordon,62,mmordonff@nih.gov,Argentina,621-353-8443,40,Bachelor's Degree,76
557,Clare,Braznell,57,cbraznellfg@miitbeian.gov.cn,Bulgaria,844-213-7858,35,PhD,20
558,Morissa,Rantoul,70,mrantoulfh@salon.com,Russia,534-724-7385,14,Bachelor's Degree,9
559,Jesus,Wooding,58,jwoodingfi@cam.ac.uk,Brazil,435-324-4543,17,Master's Degree,9
560,Eugene,Solland,31,esollandfj@seesaa.net,Russia,261-224-0516,14,High School Diploma,31
561,Rabbi,Acklands,55,racklandsfk@bloglovin.com,Bangladesh,144-675-0383,0,Bachelor's Degree,62
562,Ervin,Jacquet,67,ejacquetfl@privacy.gov.au,Philippines,131-122-8661,33,High School Diploma,81
563,Putnem,Crocroft,66,pcrocroftfm@umn.edu,Poland,513-197-2878,4,PhD,91
564,Lynnett,Hinkins,30,lhinkinsfn@smh.com.au,Philippines,778-422-7585,31,High School Diploma,14
565,Allix,Henrichsen,66,ahenrichsenfo@salon.com,Aland Islands,656-813-0669,5,Master's Degree,61
566,Hartwell,Ellerton,39,hellertonfp@angelfire.com,China,465-967-8683,13,High School Diploma,4
567,Cristi,Heath,66,cheathfq@indiatimes.com,Mongolia,906-369-6380,5,PhD,42
568,Tabbatha,Hinksen,62,thinksenfr@answers.com,United States,816-196-8974,21,Bachelor's Degree,74
569,Boycie,Copes,63,bcopesfs@dot.gov,North Korea,326-950-3650,8,Bachelor's Degree,38
570,Reinhold,Cowe,39,rcoweft@dailymail.co.uk,Russia,179-560-5540,25,Master's Degree,53
571,Flemming,O' Reagan,63,foreaganfu@yolasite.com,Moldova,584-444-0682,14,Master's Degree,3
572,Joli,Muldowney,54,jmuldowneyfv@bloglines.com,Peru,792-784-4671,20,Master's Degree,1
573,Erasmus,Ivanikov,70,eivanikovfw@disqus.com,China,262-125-1984,42,Master's Degree,27
574,Jasmina,Gettens,58,jgettensfx@gravatar.com,Colombia,337-544-2751,29,High School Diploma,28
575,Darnall,Ettery,68,detteryfy@blogs.com,China,963-679-4927,42,High School Diploma,28
576,Angy,Airy,60,aairyfz@timesonline.co.uk,Indonesia,338-316-7845,19,Bachelor's Degree,56
577,Glynda,Locket,62,glocketg0@bravesites.com,China,189-680-6623,14,Bachelor's Degree,9
578,Ford,Boord,44,fboordg1@sohu.com,China,967-441-9613,14,High School Diploma,68
579,Jordana,O'Cuddie,68,jocuddieg2@elpais.com,Uganda,578-803-1863,42,High School Diploma,20
580,Minni,Molloy,50,mmolloyg3@msu.edu,France,926-704-9480,23,Master's Degree,57
581,Emelen,Prinnett,59,eprinnettg4@php.net,Dominican Republic,956-352-0562,41,Bachelor's Degree,28
582,Reggy,Prothero,63,rprotherog5@xinhuanet.com,Chile,884-398-9813,21,PhD,21
583,Judon,Mac Geaney,48,jmacgeaneyg6@dell.com,China,574-939-9887,42,High School Diploma,33
584,Francois,Uridge,37,furidgeg7@blogger.com,North Korea,621-942-3532,29,PhD,42
585,Flory,Muat,57,fmuatg8@wikimedia.org,Indonesia,550-294-9123,7,High School Diploma,30
586,Kipp,Overil,69,koverilg9@prlog.org,Colombia,760-366-3410,50,PhD,86
587,Elvis,Kinde,63,ekindega@squarespace.com,Syria,576-597-9897,28,Bachelor's Degree,54
588,Angeli,Marran,38,amarrangb@chron.com,Cyprus,349-911-8073,38,Bachelor's Degree,4
589,Jamaal,Amsden,37,jamsdengc@wp.com,China,594-607-1100,10,High School Diploma,62
590,Marti,Vasic,53,mvasicgd@hugedomains.com,Russia,401-803-9963,21,Master's Degree,74
591,Elva,Mapp,34,emappge@tuttocitta.it,Russia,600-814-9758,39,Master's Degree,99
592,Elisabet,Lacaze,57,elacazegf@feedburner.com,Kiribati,360-133-2579,28,High School Diploma,55
593,Andie,Vest,40,avestgg@wix.com,Chad,864-997-6776,33,Master's Degree,43
594,Jorgan,Romain,59,jromaingh@ycombinator.com,Chad,531-973-9119,21,PhD,87
595,Kipp,Winch,62,kwinchgi@gnu.org,Russia,736-342-3614,37,Bachelor's Degree,29
596,Judith,MacTrusty,37,jmactrustygj@cbslocal.com,Ivory Coast,357-962-7585,39,Master's Degree,60
597,Carin,Cockshtt,47,ccockshttgk@geocities.jp,Chile,184-975-4753,45,PhD,44
598,Tait,Beeck,69,tbeeckgl@marriott.com,Peru,726-296-9525,46,PhD,100
599,Danna,Idel,64,didelgm@plala.or.jp,Philippines,867-156-3234,6,High School Diploma,67
600,Hillier,Evans,62,hevansgn@dedecms.com,China,859-781-2176,39,Master's Degree,38
601,Nananne,Muat,46,nmuatgo@flickr.com,Indonesia,307-712-3495,18,PhD,7
602,Corry,Feild,51,cfeildgp@surveymonkey.com,Tanzania,354-828-0574,19,PhD,88
603,Corenda,Hilliam,53,chilliamgq@mac.com,Portugal,443-519-1079,40,Bachelor's Degree,68
604,Gearalt,Syrie,70,gsyriegr@weebly.com,China,713-144-6421,30,Bachelor's Degree,44
605,Lorrayne,Pedrol,52,lpedrolgs@oracle.com,Indonesia,966-165-5336,14,Master's Degree,40
606,El,Berryman,68,eberrymangt@europa.eu,Portugal,680-950-7492,25,High School Diploma,70
607,Ange,Goulstone,59,agoulstonegu@behance.net,Portugal,603-394-6764,4,Bachelor's Degree,93
608,Miguela,Heeks,37,mheeksgv@utexas.edu,Mexico,116-932-4050,41,High School Diploma,73
609,Griswold,Wakeham,41,gwakehamgw@intel.com,Russia,937-575-0621,36,Master's Degree,8
610,Abel,Zoren,66,azorengx@telegraph.co.uk,Indonesia,705-422-1769,8,Bachelor's Degree,9
611,Carey,Foxwell,50,cfoxwellgy@sohu.com,Indonesia,341-240-6665,48,Bachelor's Degree,15
612,Cullan,De la Barre,68,cdelabarregz@washington.edu,Colombia,876-386-9753,8,Master's Degree,56
613,Kaylil,Hauck,55,khauckh0@multiply.com,China,986-197-2666,25,Bachelor's Degree,71
614,Shara,Fishbourne,65,sfishbourneh1@instagram.com,Russia,429-128-0355,18,Master's Degree,22
615,Tammie,Truggian,47,ttruggianh2@wired.com,Russia,542-575-2292,4,Master's Degree,60
616,Gwenora,Alcorn,53,galcornh3@homestead.com,Croatia,856-741-0388,24,Bachelor's Degree,95
617,Ainslie,Huggins,50,ahugginsh4@walmart.com,Germany,175-873-7099,9,Master's Degree,16
618,Hilarius,Obee,48,hobeeh5@creativecommons.org,Brazil,866-748-3191,19,Master's Degree,90
619,Kare,Gaunt,60,kgaunth6@123-reg.co.uk,Russia,306-423-0943,48,PhD,52
620,Brooks,Quadri,45,bquadrih7@ca.gov,Nicaragua,711-649-7810,29,Bachelor's Degree,93
621,Eleanore,Wildish,65,ewildishh8@wikimedia.org,Indonesia,691-306-8630,40,Bachelor's Degree,99
622,Aubrey,Wattisham,52,awattishamh9@symantec.com,China,716-545-6036,43,PhD,32
623,Godwin,Rhoddie,39,grhoddieha@4shared.com,Indonesia,334-478-7241,19,Bachelor's Degree,63
624,Willow,Hursthouse,35,whursthousehb@who.int,China,818-138-0105,22,High School Diploma,33
625,Aigneis,Abrami,41,aabramihc@scientificamerican.com,China,252-280-4364,45,Bachelor's Degree,22
626,Lu,Misselbrook,57,lmisselbrookhd@google.co.uk,Czech Republic,498-782-0505,22,Master's Degree,93
627,Kinnie,Weedon,61,kweedonhe@wiley.com,Indonesia,410-480-4629,29,High School Diploma,99
628,Codie,Wenderott,67,cwenderotthf@simplemachines.org,Czech Republic,285-445-6712,42,Bachelor's Degree,46
629,Payton,Mant,66,pmanthg@sfgate.com,South Korea,405-787-3489,39,High School Diploma,76
630,Cole,Izakson,35,cizaksonhh@tripod.com,China,805-484-5860,47,Master's Degree,17
631,Sandye,Fitzroy,48,sfitzroyhi@wp.com,Russia,382-688-2562,41,High School Diploma,53
632,Ottilie,MacGebenay,65,omacgebenayhj@patch.com,United States,701-261-5049,40,High School Diploma,42
633,Sydney,Karchowski,36,skarchowskihk@ebay.co.uk,Greece,361-163-2014,13,Master's Degree,19
634,Devonna,Joontjes,46,djoontjeshl@moonfruit.com,China,250-447-2574,18,Bachelor's Degree,76
635,Marty,Yurivtsev,67,myurivtsevhm@ebay.co.uk,Poland,601-564-9326,25,High School Diploma,76
636,Kerry,Crannell,45,kcrannellhn@spiegel.de,Vietnam,702-887-8133,32,Master's Degree,17
637,Nils,Caudray,46,ncaudrayho@sina.com.cn,Portugal,937-734-4223,12,High School Diploma,88
638,Mickie,Fordy,39,mfordyhp@wufoo.com,Ukraine,224-538-4340,16,High School Diploma,39
639,Bourke,Haugg,62,bhaugghq@msn.com,Azerbaijan,730-763-2945,31,High School Diploma,5
640,Klaus,Buckberry,42,kbuckberryhr@51.la,Georgia,445-377-2354,38,Bachelor's Degree,20
641,Livy,Overel,60,loverelhs@answers.com,China,692-134-7703,13,Master's Degree,20
642,Joaquin,Gildersleaves,64,jgildersleavesht@aboutads.info,China,148-531-7757,13,High School Diploma,59
643,Emiline,Juniper,39,ejuniperhu@disqus.com,Brazil,498-737-1696,29,PhD,70
644,Sheff,Pinckard,60,spinckardhv@ustream.tv,Brazil,742-377-6413,18,Master's Degree,36
645,Ulrich,Melwall,46,umelwallhw@seattletimes.com,China,141-152-5639,31,PhD,11
646,Anestassia,Peasey,54,apeaseyhx@youtube.com,China,984-931-5595,6,PhD,37
647,Gearard,Kliemke,42,gkliemkehy@webeden.co.uk,Djibouti,514-975-7378,9,Master's Degree,30
648,Silvanus,Phinn,66,sphinnhz@utexas.edu,Russia,565-614-5703,38,Master's Degree,20
649,Andee,Amburgy,40,aamburgyi0@parallels.com,China,132-898-2437,14,High School Diploma,39
650,Irene,Syvret,33,isyvreti1@sbwire.com,Portugal,538-125-7516,39,PhD,22
651,Burt,Adelsberg,53,badelsbergi2@ustream.tv,United States,305-496-1607,26,PhD,77
652,Bertram,Dillaway,69,bdillawayi3@google.es,China,478-774-4243,29,PhD,24
653,Quill,Saxby,51,qsaxbyi4@unesco.org,China,161-257-0783,37,Master's Degree,92
654,Udall,Woollett,59,uwoolletti5@usa.gov,Czech Republic,312-726-1672,35,Bachelor's Degree,52
655,Corliss,Lodwick,48,clodwicki6@cdc.gov,Sweden,911-881-5497,8,Bachelor's Degree,33
656,Joe,Wood,63,jwoodi7@addthis.com,Sierra Leone,798-125-6560,39,Bachelor's Degree,94
657,Katherine,Bagshaw,53,kbagshawi8@imageshack.us,Morocco,955-571-0243,39,Master's Degree,38
658,Nani,Harce,53,nharcei9@github.io,Yemen,854-299-6408,11,Bachelor's Degree,71
659,Cy,Alner,68,calneria@nhs.uk,Kazakhstan,185-514-2397,19,Master's Degree,68
660,Elsey,Avramovic,40,eavramovicib@springer.com,Tunisia,125-368-8545,49,High School Diploma,45
661,Juliet,Dunican,35,jdunicanic@diigo.com,France,396-706-5106,24,PhD,6
662,Brenna,Manuely,43,bmanuelyid@gov.uk,France,665-343-2350,39,PhD,45
663,Robbin,Phipp,57,rphippie@umn.edu,Malaysia,849-194-9301,28,Bachelor's Degree,7
664,Mollie,Towl,31,mtowlif@sogou.com,China,999-150-8003,44,Bachelor's Degree,0
665,Jemie,Affron,50,jaffronig@pbs.org,Philippines,765-698-6417,16,PhD,22
666,Elissa,McQuilkin,38,emcquilkinih@google.ru,Finland,756-440-1668,17,PhD,13
667,Emelda,Chate,33,echateii@blogger.com,Czech Republic,856-282-4955,49,Master's Degree,78
668,Lorain,Sprowson,50,lsprowsonij@businessweek.com,Portugal,597-399-8643,45,Bachelor's Degree,80
669,Bernita,Boyson,52,bboysonik@nih.gov,China,449-450-5919,10,PhD,82
670,Cassandra,Keough,50,ckeoughil@yellowpages.com,Brazil,788-514-4584,44,PhD,49
671,Stirling,Keune,69,skeuneim@loc.gov,Ukraine,325-441-5282,36,Bachelor's Degree,92
672,Joanna,Kobpa,45,jkobpain@sciencedaily.com,South Africa,114-808-1844,16,PhD,99
673,Stavro,Southard,62,ssouthardio@shareasale.com,Indonesia,908-632-0907,9,Bachelor's Degree,36
674,Joseph,Pennick,33,jpennickip@miitbeian.gov.cn,Nigeria,559-860-3501,9,Master's Degree,33
675,Koralle,Brugh,52,kbrughiq@java.com,Portugal,815-661-6162,46,Bachelor's Degree,57
676,Alana,Danis,55,adanisir@storify.com,Brazil,161-168-0970,10,PhD,59
677,Merill,Sambells,34,msambellsis@arizona.edu,Philippines,453-783-9172,2,High School Diploma,55
678,Mignon,Salamon,49,msalamonit@techcrunch.com,Russia,413-363-0367,19,Bachelor's Degree,27
679,Dorene,Mainstone,45,dmainstoneiu@clickbank.net,Honduras,877-236-0015,30,PhD,87
680,Lorens,Huke,53,lhukeiv@prlog.org,Germany,476-669-9721,47,PhD,97
681,Gawain,Ferrelli,67,gferrelliiw@symantec.com,Thailand,537-415-7956,24,High School Diploma,28
682,Tobye,Rocks,52,trocksix@parallels.com,China,621-937-7548,31,High School Diploma,5
683,Jared,Mordy,68,jmordyiy@flavors.me,Thailand,544-967-0923,24,High School Diploma,83
684,Tamera,Weatherell,33,tweatherelliz@ameblo.jp,China,754-870-5019,32,PhD,57
685,Juli,Sabie,40,jsabiej0@dailymotion.com,Philippines,872-957-5546,31,Master's Degree,41
686,Aindrea,Gertray,61,agertrayj1@barnesandnoble.com,Ukraine,584-903-3373,23,High School Diploma,95
687,Amii,Morl,55,amorlj2@google.com.br,Slovakia,154-359-2566,0,High School Diploma,1
688,Bidget,Viner,40,bvinerj3@msu.edu,China,841-424-6587,25,Master's Degree,58
689,Donella,Brocklehurst,59,dbrocklehurstj4@51.la,Philippines,478-658-2432,0,Bachelor's Degree,43
690,Charlean,Click,47,cclickj5@sitemeter.com,Indonesia,658-562-4329,31,Master's Degree,61
691,Fleur,Steed,60,fsteedj6@bravesites.com,Madagascar,610-854-7895,10,PhD,70
692,Allin,Hazeldene,55,ahazeldenej7@dropbox.com,Morocco,593-384-5766,47,Bachelor's Degree,64
693,Rhett,Herculson,33,rherculsonj8@amazon.co.jp,Greenland,830-136-8906,28,PhD,2
694,Timi,Sidaway,60,tsidawayj9@patch.com,China,506-649-4387,1,PhD,19
695,Cheston,Renforth,30,crenforthja@discovery.com,Indonesia,709-390-9086,19,Bachelor's Degree,50
696,Hyacinth,Dorken,53,hdorkenjb@cdbaby.com,China,919-832-8854,14,Bachelor's Degree,53
697,Antonina,Abry,46,aabryjc@wsj.com,Portugal,615-703-9277,12,High School Diploma,53
698,Laughton,Grelka,64,lgrelkajd@constantcontact.com,China,507-727-5787,15,Bachelor's Degree,53
699,Blinni,Stenner,54,bstennerje@smh.com.au,Portugal,879-998-7922,31,High School Diploma,61
700,Alaster,Bassill,51,abassilljf@soup.io,Argentina,923-320-4793,13,PhD,46
701,Miller,Pic,30,mpicjg@cbslocal.com,Russia,551-955-1015,47,PhD,32
702,Bridie,Krinks,69,bkrinksjh@dion.ne.jp,Guatemala,250-170-6732,35,PhD,22
703,Blondy,Portingale,58,bportingaleji@list-manage.com,China,565-619-1271,41,PhD,16
704,Katti,Foulser,34,kfoulserjj@ifeng.com,China,740-404-5898,8,PhD,47
705,Annamaria,Tweede,60,atweedejk@mtv.com,China,431-748-3849,3,PhD,15
706,Melita,Grazier,36,mgrazierjl@statcounter.com,Philippines,642-366-0933,33,Bachelor's Degree,44
707,Gardie,Poulter,38,gpoulterjm@addtoany.com,Philippines,441-137-2871,4,Bachelor's Degree,54
708,Dollie,O' Byrne,37,dobyrnejn@dot.gov,Tajikistan,438-850-1427,6,High School Diploma,78
709,Patrice,Korpal,34,pkorpaljo@arizona.edu,Russia,659-346-8326,39,High School Diploma,0
710,Linda,Cissell,43,lcisselljp@topsy.com,Philippines,749-111-1537,32,PhD,60
711,Aviva,Rubinovitsch,70,arubinovitschjq@slideshare.net,United States,334-592-7530,22,Bachelor's Degree,98
712,Belia,Domini,37,bdominijr@mapy.cz,Mali,748-697-9767,18,Master's Degree,63
713,Kellen,Kearford,58,kkearfordjs@surveymonkey.com,Indonesia,324-355-5395,39,High School Diploma,2
714,Hughie,Connechy,48,hconnechyjt@answers.com,Nigeria,919-804-4885,30,High School Diploma,39
715,Shirleen,Crosston,36,scrosstonju@goo.ne.jp,Philippines,499-506-3374,8,Master's Degree,86
716,Daphene,Phil,43,dphiljv@youku.com,France,108-598-9565,46,High School Diploma,71
717,Chen,Epgrave,59,cepgravejw@linkedin.com,Indonesia,654-150-5563,0,Master's Degree,9
718,Towney,Stelli,54,tstellijx@skyrock.com,South Africa,470-210-7466,41,PhD,33
719,Janaya,Corwood,62,jcorwoodjy@cam.ac.uk,Egypt,414-165-7002,20,Master's Degree,95
720,Pepillo,Tidmarsh,53,ptidmarshjz@google.pl,Poland,576-256-5714,37,PhD,45
721,Burty,Lowsely,35,blowselyk0@theatlantic.com,Madagascar,170-677-0019,35,Master's Degree,86
722,Gertrude,Senogles,36,gsenoglesk1@google.ca,Myanmar,674-679-7006,43,Bachelor's Degree,9
723,Northrup,Jerromes,49,njerromesk2@biblegateway.com,Russia,340-135-5992,38,Master's Degree,6
724,Stefanie,Blewis,52,sblewisk3@usatoday.com,Indonesia,646-894-1142,46,PhD,72
725,Vlad,Wisdom,49,vwisdomk4@npr.org,China,648-529-9444,26,Master's Degree,100
726,Verile,Plaistowe,38,vplaistowek5@purevolume.com,Burkina Faso,293-510-4909,4,Bachelor's Degree,49
727,Giavani,Morley,69,gmorleyk6@princeton.edu,Russia,820-501-5866,18,Master's Degree,58
728,Thekla,Shearsby,46,tshearsbyk7@twitpic.com,Ukraine,986-211-1708,17,High School Diploma,48
729,Millie,Beacroft,60,mbeacroftk8@howstuffworks.com,Brazil,984-466-1447,30,High School Diploma,16
730,Ruby,Keaves,60,rkeavesk9@accuweather.com,Philippines,744-978-1173,32,Master's Degree,10
731,Gert,Gipson,42,ggipsonka@bizjournals.com,Denmark,490-880-1265,36,Bachelor's Degree,66
732,Fran,Constable,45,fconstablekb@engadget.com,Indonesia,712-378-7742,18,Master's Degree,51
733,Horatio,Hastwall,43,hhastwallkc@constantcontact.com,Cameroon,652-368-0782,2,PhD,82
734,Dame,Birdwhistle,31,dbirdwhistlekd@scribd.com,Czech Republic,387-100-2500,34,Bachelor's Degree,94
735,Grethel,Stampfer,48,gstampferke@seattletimes.com,Russia,541-851-6255,6,Master's Degree,48
736,Alisander,Spollen,57,aspollenkf@tinyurl.com,United States,518-917-0507,45,PhD,4
737,Spenser,Diggles,65,sdiggleskg@nps.gov,Indonesia,468-653-4249,45,Bachelor's Degree,12
738,Tailor,Muggeridge,64,tmuggeridgekh@instagram.com,Guatemala,126-485-2223,44,Master's Degree,85
739,Shanan,Mulqueeny,54,smulqueenyki@yale.edu,Poland,621-204-0247,10,PhD,99
740,Flora,Grishakin,43,fgrishakinkj@irs.gov,Cameroon,188-106-2468,35,High School Diploma,9
741,Kennan,Gittose,46,kgittosekk@webmd.com,Russia,802-686-6621,25,Master's Degree,50
742,Eberto,Bonham,36,ebonhamkl@blogs.com,Israel,230-687-7946,22,High School Diploma,59
743,Etienne,Jeffree,36,ejeffreekm@hhs.gov,Poland,663-382-2152,25,Master's Degree,23
744,Sheff,Woodroofe,56,swoodroofekn@ihg.com,Norway,411-540-9227,4,Bachelor's Degree,96
745,Yehudit,Tregunna,53,ytregunnako@simplemachines.org,China,475-183-3873,4,Master's Degree,26
746,Conni,Ech,66,cechkp@naver.com,Indonesia,544-350-8333,5,PhD,96
747,Mathe,Birtles,49,mbirtleskq@state.gov,France,369-873-6819,6,PhD,4
748,Sukey,Sarle,30,ssarlekr@google.cn,Pakistan,503-470-1655,41,PhD,10
749,Barnard,Pennyman,39,bpennymanks@china.com.cn,Philippines,152-473-1280,21,Bachelor's Degree,69
750,Mareah,Baudoux,63,mbaudouxkt@seattletimes.com,Myanmar,329-974-3188,21,PhD,61
751,Jasmine,Grattan,43,jgrattanku@bbb.org,China,784-114-2109,7,PhD,100
752,Dukie,Kenset,62,dkensetkv@microsoft.com,China,447-916-2675,38,PhD,29
753,Padriac,Abraham,51,pabrahamkw@thetimes.co.uk,Philippines,371-840-7727,29,Bachelor's Degree,43
754,Brnaby,Priddis,69,bpriddiskx@behance.net,Thailand,833-713-9283,41,High School Diploma,9
755,Malva,MacGorrie,54,mmacgorrieky@yale.edu,Honduras,834-693-3868,21,PhD,13
756,Keriann,Keough,62,kkeoughkz@hexun.com,China,867-996-0376,31,High School Diploma,16
757,Dania,Asken,45,daskenl0@columbia.edu,Greece,626-780-6712,24,PhD,5
758,Nevins,Gaynesford,57,ngaynesfordl1@photobucket.com,Portugal,594-883-3938,46,PhD,80
759,Rogerio,Alyonov,49,ralyonovl2@phpbb.com,China,417-680-7784,20,High School Diploma,13
760,Reggi,Brockhouse,64,rbrockhousel3@washington.edu,Indonesia,451-101-0889,23,Bachelor's Degree,86
761,Bianca,Brearton,57,bbreartonl4@yahoo.com,China,224-906-4534,10,PhD,68
762,Carleen,Givens,57,cgivensl5@indiatimes.com,Israel,746-270-0151,14,High School Diploma,4
763,Pate,Bracegirdle,48,pbracegirdlel6@meetup.com,Argentina,999-905-9405,37,Bachelor's Degree,34
764,Costanza,Barkway,62,cbarkwayl7@youtu.be,Mongolia,485-892-5162,37,Master's Degree,66
765,Ludvig,Ingerman,49,lingermanl8@google.co.uk,China,408-751-2940,3,High School Diploma,54
766,Ade,Mahaddy,39,amahaddyl9@list-manage.com,China,291-453-0988,49,Bachelor's Degree,49
767,Filia,Randlesome,62,frandlesomela@amazon.co.uk,Turkmenistan,273-651-7086,21,High School Diploma,32
768,Karia,Demetr,62,kdemetrlb@geocities.com,China,907-794-6527,19,Bachelor's Degree,36
769,Stu,Lickess,70,slickesslc@linkedin.com,Thailand,924-445-8809,21,High School Diploma,91
770,Zandra,Haskett,46,zhaskettld@princeton.edu,China,758-488-7406,28,PhD,14
771,Darrick,Aupol,65,daupolle@biglobe.ne.jp,Indonesia,531-811-6326,15,Bachelor's Degree,13
772,Sinclair,Chaytor,56,schaytorlf@google.com,Japan,586-670-8314,3,High School Diploma,88
773,Raimundo,Stolworthy,54,rstolworthylg@mac.com,Indonesia,989-438-9140,10,PhD,13
774,Archer,Llywarch,35,allywarchlh@phpbb.com,Uganda,333-583-9258,34,PhD,7
775,Orelle,Le Claire,30,oleclaireli@arstechnica.com,China,491-772-6429,40,High School Diploma,66
776,Guthrie,Brum,48,gbrumlj@godaddy.com,Japan,364-748-8648,12,High School Diploma,53
777,Zonda,Mariolle,46,zmariollelk@nydailynews.com,Chile,186-700-7442,13,Bachelor's Degree,12
778,Dee,Bunson,33,dbunsonll@reference.com,Serbia,826-550-6632,40,Bachelor's Degree,18
779,Bastian,Decroix,60,bdecroixlm@t-online.de,Czech Republic,943-773-9296,33,High School Diploma,45
780,Kaitlynn,Dicky,36,kdickyln@gmpg.org,Poland,667-743-1793,35,Master's Degree,21
781,Noach,Duinbleton,67,nduinbletonlo@lulu.com,Sweden,733-804-1443,14,Master's Degree,52
782,Charlotte,Bernhardt,55,cbernhardtlp@nasa.gov,Poland,612-949-5546,46,High School Diploma,90
783,Jasmin,Moorcroft,61,jmoorcroftlq@scribd.com,France,924-676-8709,31,High School Diploma,68
784,Mickey,Seabright,46,mseabrightlr@comcast.net,China,244-172-0552,26,Bachelor's Degree,58
785,Hildagard,Pollington,45,hpollingtonls@hc360.com,Vietnam,375-624-8974,16,High School Diploma,73
786,Roosevelt,Jikovsky,56,rjikovskylt@webmd.com,Russia,868-268-9418,11,High School Diploma,40
787,Jayme,Leith,65,jleithlu@paginegialle.it,China,407-511-7183,12,Bachelor's Degree,56
788,Tish,Force,34,tforcelv@fc2.com,China,804-418-6514,5,Master's Degree,38
789,Myrtle,Hyman,67,mhymanlw@hud.gov,China,252-890-3177,17,Master's Degree,65
790,Wren,Crinion,64,wcrinionlx@loc.gov,Venezuela,962-809-9011,12,High School Diploma,62
791,Symon,Beeke,57,sbeekely@last.fm,Czech Republic,981-604-2034,27,Bachelor's Degree,78
792,Mag,Woolland,47,mwoollandlz@un.org,Indonesia,382-413-9828,50,Bachelor's Degree,42
793,Haley,Edmand,33,hedmandm0@mashable.com,Russia,927-304-2060,45,PhD,5
794,Julio,Turri,47,jturrim1@hatena.ne.jp,Russia,943-762-2488,23,Master's Degree,57
795,Boycey,Cadore,68,bcadorem2@google.ru,China,335-906-9144,15,Master's Degree,58
796,Libby,Ilyinski,52,lilyinskim3@unc.edu,Indonesia,274-172-2117,8,Master's Degree,4
797,Dagmar,Buckle,58,dbucklem4@ibm.com,Cyprus,169-449-6101,35,Master's Degree,94
798,Emmery,Aarons,47,eaaronsm5@e-recht24.de,Russia,841-642-8421,4,Bachelor's Degree,65
799,Geoff,Inkpin,31,ginkpinm6@goo.ne.jp,Poland,309-411-5304,4,Master's Degree,44
800,Kelly,Aguirre,50,kaguirrem7@nyu.edu,France,895-990-1478,25,Master's Degree,100
801,Philbert,Pickless,38,ppicklessm8@jimdo.com,Vietnam,164-300-6501,25,Bachelor's Degree,98
802,Joane,Mundow,48,jmundowm9@ca.gov,Panama,253-834-2466,1,Master's Degree,37
803,Tierney,Snewin,57,tsnewinma@virginia.edu,Russia,545-481-3173,36,High School Diploma,98
804,Vinita,Tixier,34,vtixiermb@rambler.ru,Russia,882-832-0220,14,Bachelor's Degree,19
805,Tyson,Pilger,53,tpilgermc@domainmarket.com,China,740-869-1879,33,Master's Degree,67
806,Carlyle,Do,63,cdomd@tinypic.com,Bulgaria,323-407-9058,36,Master's Degree,43
807,Silvanus,Vesco,53,svescome@ning.com,Indonesia,341-960-3320,50,Bachelor's Degree,83
808,Adiana,Standfield,59,astandfieldmf@sitemeter.com,Indonesia,489-294-5776,16,PhD,8
809,Oliver,Pittendreigh,66,opittendreighmg@tmall.com,Tunisia,399-519-3480,24,Master's Degree,14
810,Meaghan,Mintram,57,mmintrammh@nsw.gov.au,Indonesia,750-141-0357,37,Master's Degree,18
811,Portia,Wicken,46,pwickenmi@washington.edu,Japan,497-578-1248,0,Master's Degree,45
812,Lucas,Vasiltsov,59,lvasiltsovmj@infoseek.co.jp,China,911-733-2573,22,PhD,84
813,Beltran,Brisset,48,bbrissetmk@fema.gov,Sierra Leone,443-274-6898,16,High School Diploma,93
814,Pat,Maffini,70,pmaffiniml@elegantthemes.com,Indonesia,572-515-7923,26,Master's Degree,53
815,Lynda,Garbett,63,lgarbettmm@vimeo.com,China,238-230-8977,31,High School Diploma,22
816,Channa,Delacourt,55,cdelacourtmn@wufoo.com,Portugal,501-866-1374,14,PhD,6
817,Milka,Pratton,51,mprattonmo@nih.gov,China,348-815-7298,33,Bachelor's Degree,54
818,Rozalin,Entwistle,67,rentwistlemp@themeforest.net,China,693-116-2686,21,PhD,17
819,Lorena,Wiz,47,lwizmq@gov.uk,Tunisia,878-732-7590,41,Master's Degree,85
820,Marybeth,Silburn,53,msilburnmr@go.com,Indonesia,784-990-4011,25,Bachelor's Degree,95
821,Marion,Strewther,45,mstrewtherms@geocities.jp,China,760-852-0065,48,PhD,44
822,Delcina,Yglesia,60,dyglesiamt@apache.org,Libya,959-258-8670,13,PhD,30
823,Ev,Yesson,34,eyessonmu@census.gov,France,636-408-2525,17,Master's Degree,26
824,Jamima,Scroggins,49,jscrogginsmv@dell.com,China,312-909-5244,1,PhD,92
825,Jasen,Shacklady,60,jshackladymw@reference.com,Indonesia,710-953-8757,36,Bachelor's Degree,100
826,Ailene,Handman,70,ahandmanmx@ucoz.com,Brazil,898-386-4319,5,Master's Degree,17
827,Aubert,Stuchburie,63,astuchburiemy@google.pl,Indonesia,496-342-7232,26,PhD,61
828,Randi,Lillicrap,45,rlillicrapmz@weebly.com,Greece,966-122-2573,49,Master's Degree,36
829,Derron,Gipps,46,dgippsn0@skype.com,Philippines,282-248-3906,18,Bachelor's Degree,23
830,Kile,Flintuff,36,kflintuffn1@home.pl,Azerbaijan,241-277-4655,17,Bachelor's Degree,95
831,Xaviera,Giabuzzi,31,xgiabuzzin2@is.gd,China,724-755-9362,8,Bachelor's Degree,84
832,Fredrika,Tapscott,58,ftapscottn3@xrea.com,Macedonia,458-368-7671,23,High School Diploma,1
833,Jermain,Vasilkov,59,jvasilkovn4@bing.com,Peru,602-176-9550,44,Master's Degree,71
834,Orella,De Biaggi,36,odebiaggin5@fema.gov,France,254-614-7449,39,Master's Degree,82
835,Sayers,Lorriman,70,slorrimann6@businessweek.com,Brazil,750-357-8359,26,High School Diploma,77
836,Melly,Digweed,60,mdigweedn7@multiply.com,Indonesia,598-780-0594,48,Bachelor's Degree,43
837,Etan,Creffield,69,ecreffieldn8@bbb.org,Thailand,844-611-4613,50,Bachelor's Degree,100
838,Kelsy,Welbeck,40,kwelbeckn9@slideshare.net,Czech Republic,894-422-9033,4,Bachelor's Degree,32
839,Dotty,Farey,57,dfareyna@buzzfeed.com,Indonesia,991-311-1948,23,High School Diploma,31
840,Myrlene,Watterson,30,mwattersonnb@linkedin.com,Indonesia,580-420-3785,24,Bachelor's Degree,77
841,Lamont,Estabrook,50,lestabrooknc@w3.org,Czech Republic,513-409-4692,48,Bachelor's Degree,68
842,Konstantine,Marquese,46,kmarquesend@symantec.com,Indonesia,428-514-9156,28,PhD,73
843,Porty,Normand,61,pnormandne@bluehost.com,China,556-734-7587,45,Bachelor's Degree,58
844,Claude,McKeowon,65,cmckeowonnf@bing.com,United States,228-963-9398,15,Master's Degree,99
845,Alwin,Message,64,amessageng@pbs.org,Poland,499-639-8810,10,Master's Degree,56
846,Prentice,Bolingbroke,32,pbolingbrokenh@prnewswire.com,Brazil,995-452-4210,47,Bachelor's Degree,34
847,Valentijn,Riddle,45,vriddleni@bigcartel.com,China,633-201-0301,49,PhD,91
848,Phillie,Kleinmintz,63,pkleinmintznj@t.co,Argentina,398-585-9661,2,Bachelor's Degree,87
849,Anders,Barlas,49,abarlasnk@hostgator.com,China,720-579-6623,8,Master's Degree,46
850,Gothart,Mandeville,36,gmandevillenl@people.com.cn,Malaysia,593-127-1065,50,Bachelor's Degree,9
851,Victoir,Yellowlea,62,vyellowleanm@blinklist.com,Vietnam,978-146-6030,41,Master's Degree,17
852,Darrel,Conniam,58,dconniamnn@mail.ru,China,712-976-2761,31,PhD,95
853,Caralie,Court,32,ccourtno@globo.com,Portugal,477-844-4580,36,Master's Degree,3
854,Nedi,Pickance,50,npickancenp@scientificamerican.com,Portugal,628-440-3812,0,Bachelor's Degree,13
855,Vaughan,Royston,47,vroystonnq@berkeley.edu,Mongolia,588-825-0824,28,Master's Degree,24
856,Glynnis,Lambourn,69,glambournnr@cmu.edu,Indonesia,748-279-3496,41,PhD,36
857,Rene,McLaverty,60,rmclavertyns@ning.com,Russia,592-107-7502,44,PhD,19
858,Carlos,Dinkin,36,cdinkinnt@meetup.com,Indonesia,458-144-0709,32,High School Diploma,32
859,Eamon,Gernier,57,egerniernu@dmoz.org,Armenia,297-292-6979,49,Bachelor's Degree,65
860,Franni,Arter,30,farternv@opera.com,United States,615-922-5361,11,Bachelor's Degree,19
861,Desi,Chomicki,46,dchomickinw@sourceforge.net,Mexico,930-959-0524,37,PhD,60
862,Arni,Loutheane,43,aloutheanenx@kickstarter.com,Norway,651-391-4338,8,High School Diploma,93
863,Lucius,Maycey,37,lmayceyny@narod.ru,Iran,210-878-5710,15,High School Diploma,24
864,Simon,Gambles,41,sgamblesnz@flickr.com,Canada,555-305-2237,25,PhD,72
865,Lavena,Jollie,60,ljollieo0@yolasite.com,China,147-722-5400,10,PhD,41
866,Nickie,Mounch,34,nmouncho1@gizmodo.com,Botswana,759-548-8775,34,Bachelor's Degree,79
867,Ignacius,Chapman,43,ichapmano2@biblegateway.com,Philippines,184-420-1661,3,Bachelor's Degree,27
868,Malcolm,Mattusov,36,mmattusovo3@nifty.com,Morocco,617-943-5291,32,Bachelor's Degree,13
869,Archambault,Shale,54,ashaleo4@xrea.com,China,923-645-5641,34,Master's Degree,80
870,Raven,Gerald,55,rgeraldo5@theatlantic.com,Poland,253-305-1234,4,Bachelor's Degree,57
871,Barrie,Pidduck,66,bpidducko6@admin.ch,China,242-897-4316,21,Bachelor's Degree,90
872,Lind,Bothram,43,lbothramo7@hhs.gov,Sweden,285-267-6540,15,High School Diploma,84
873,Lindsey,Sherringham,51,lsherringhamo8@wix.com,Poland,477-617-3467,50,Bachelor's Degree,11
874,Merrick,Baccus,50,mbaccuso9@apple.com,United States,206-206-0783,18,Bachelor's Degree,33
875,Conway,Bastable,34,cbastableoa@wsj.com,Japan,398-256-9108,31,PhD,94
876,Cati,Gergolet,37,cgergoletob@weather.com,Tanzania,572-943-4607,4,Bachelor's Degree,17
877,Theodosia,Leggitt,38,tleggittoc@reddit.com,Portugal,447-771-5642,38,PhD,18
878,Dorthy,Amsberger,43,damsbergerod@discovery.com,Guadeloupe,833-140-9395,42,High School Diploma,34
879,Hayden,Piffe,50,hpiffeoe@webnode.com,Indonesia,306-271-2578,8,Bachelor's Degree,51
880,Ashleigh,Hymers,54,ahymersof@163.com,Russia,900-293-1892,25,Bachelor's Degree,81
881,Emmalynn,Jarmaine,39,ejarmaineog@google.ca,Philippines,579-381-0991,42,Master's Degree,60
882,Nariko,Andrioni,48,nandrionioh@xrea.com,France,695-353-6336,26,Master's Degree,58
883,Luciana,Peatman,31,lpeatmanoi@irs.gov,Malaysia,955-527-1685,44,PhD,58
884,Brig,Wickwar,62,bwickwaroj@linkedin.com,Honduras,183-310-7406,49,Master's Degree,56
885,Beverlee,Faulconer,66,bfaulconerok@youku.com,Cuba,140-516-3641,41,High School Diploma,30
886,Dian,Sinnett,51,dsinnettol@chron.com,Philippines,382-289-9299,28,Master's Degree,68
887,Nicoli,Colisbe,37,ncolisbeom@nymag.com,Indonesia,771-839-1780,7,Bachelor's Degree,50
888,Christian,Loosmore,67,cloosmoreon@sakura.ne.jp,Jordan,740-185-2020,11,Bachelor's Degree,100
889,Eldon,De Cristofalo,33,edecristofalooo@eepurl.com,Colombia,710-646-2614,25,High School Diploma,3
890,Arda,Youle,70,ayouleop@fastcompany.com,Lithuania,327-986-2980,45,PhD,59
891,Kelbee,Lebbern,61,klebbernoq@dedecms.com,France,168-907-9944,28,Bachelor's Degree,2
892,Arley,Kenner,34,akenneror@umn.edu,China,375-908-4919,26,PhD,96
893,Gerladina,Wherrett,43,gwherrettos@weebly.com,Sweden,187-674-9485,20,Master's Degree,33
894,Elnore,Mathison,52,emathisonot@tripadvisor.com,Russia,587-984-1219,29,Master's Degree,42
895,Lenard,Wilmore,37,lwilmoreou@auda.org.au,Malaysia,578-319-7403,20,High School Diploma,86
896,Gail,Govett,69,ggovettov@bloglines.com,Philippines,641-743-6999,25,PhD,13
897,Derry,Gothard,67,dgothardow@storify.com,Portugal,148-964-2809,18,Master's Degree,69
898,Melisent,Massy,34,mmassyox@51.la,Brazil,106-970-0867,20,High School Diploma,77
899,Derril,Jancso,45,djancsooy@toplist.cz,Lithuania,404-717-1563,50,Bachelor's Degree,1
900,Andrea,Dutson,56,adutsonoz@epa.gov,Philippines,448-447-8752,6,High School Diploma,14
901,Consuelo,Lube,64,clubep0@hostgator.com,Indonesia,127-777-7471,38,Bachelor's Degree,18
902,Ulrikaumeko,Whordley,65,uwhordleyp1@cam.ac.uk,Brazil,761-218-3658,16,High School Diploma,14
903,Addy,Moquin,32,amoquinp2@accuweather.com,Indonesia,673-640-7527,49,Bachelor's Degree,44
904,Herb,Whether,38,hwhetherp3@adobe.com,Albania,243-106-8006,3,PhD,98
905,Caleb,Mixworthy,62,cmixworthyp4@state.tx.us,China,644-779-6696,44,High School Diploma,56
906,Remus,Bennit,68,rbennitp5@stanford.edu,Chad,355-302-3989,28,PhD,97
907,Elianora,Noar,50,enoarp6@hugedomains.com,Malaysia,511-336-2948,8,Master's Degree,82
908,Sherlocke,Akast,43,sakastp7@bloglines.com,Latvia,570-197-0888,24,PhD,93
909,Charmaine,Liddyard,52,cliddyardp8@domainmarket.com,Brazil,518-891-8819,7,High School Diploma,49
910,Mannie,Sowerbutts,60,msowerbuttsp9@homestead.com,Poland,686-686-0007,4,Bachelor's Degree,22
911,Stearne,Gleasane,32,sgleasanepa@xing.com,France,578-458-2459,30,Bachelor's Degree,77
912,Eleanor,Shellard,60,eshellardpb@deviantart.com,Dominican Republic,300-470-6322,9,High School Diploma,90
913,Liuka,Swynfen,50,lswynfenpc@boston.com,China,267-695-6010,38,PhD,43
914,Gus,Scarr,33,gscarrpd@geocities.com,Indonesia,459-225-8273,35,High School Diploma,43
915,Reade,Clemerson,41,rclemersonpe@sogou.com,Philippines,236-310-8738,29,Bachelor's Degree,69
916,Freida,Christensen,33,fchristensenpf@elpais.com,Portugal,785-217-2598,30,PhD,11
917,Karel,Kment,37,kkmentpg@webs.com,Portugal,901-289-0280,30,Bachelor's Degree,41
918,Sylas,Mettricke,43,smettrickeph@dyndns.org,France,135-393-5611,20,Master's Degree,64
919,Jarad,Preshous,65,jpreshouspi@dmoz.org,Japan,846-906-0442,0,Master's Degree,24
920,Aura,Staden,68,astadenpj@pen.io,Russia,810-527-7632,27,Bachelor's Degree,89
921,Ida,Macek,59,imacekpk@yellowbook.com,Chile,306-127-5811,13,High School Diploma,68
922,Alexine,Mynett,32,amynettpl@wisc.edu,China,403-612-1231,21,Master's Degree,2
923,Darrell,O'Keaveny,40,dokeavenypm@comcast.net,Philippines,766-822-0487,16,Master's Degree,22
924,Camala,Arboine,51,carboinepn@ebay.co.uk,Paraguay,608-975-6170,26,High School Diploma,12
925,Pearline,Bussy,38,pbussypo@addthis.com,Russia,803-460-2762,25,PhD,77
926,Brinna,Wilber,68,bwilberpp@reference.com,Portugal,947-127-9928,19,High School Diploma,34
927,Hephzibah,Schelle,47,hschellepq@twitter.com,China,112-194-4183,6,Master's Degree,82
928,Jeramie,Broschke,31,jbroschkepr@163.com,Lithuania,192-574-9246,17,Bachelor's Degree,25
929,Cornie,Warder,57,cwarderps@vinaora.com,Philippines,925-204-3002,13,High School Diploma,76
930,Nevins,Mallon,70,nmallonpt@bandcamp.com,Mexico,933-210-3721,18,Master's Degree,82
931,Sonny,Berthon,51,sberthonpu@vkontakte.ru,United States,651-923-1531,0,PhD,6
932,Grange,Emby,61,gembypv@webeden.co.uk,Indonesia,652-232-1300,34,High School Diploma,38
933,Raymund,Trayhorn,31,rtrayhornpw@engadget.com,Greece,871-374-9976,17,High School Diploma,71
934,Jenny,Teenan,41,jteenanpx@jugem.jp,Ecuador,200-180-6714,2,Master's Degree,41
935,Holmes,Pascoe,41,hpascoepy@google.it,Uzbekistan,698-491-1412,45,PhD,13
936,Ludovika,Cheney,52,lcheneypz@usa.gov,Indonesia,720-306-7908,21,High School Diploma,21
937,Kaja,Haggata,48,khaggataq0@zimbio.com,Brazil,161-605-2085,46,PhD,41
938,Cassandra,Velten,63,cveltenq1@nytimes.com,China,500-995-3449,30,Bachelor's Degree,98
939,Niki,Harrowing,70,nharrowingq2@biglobe.ne.jp,China,206-437-7113,37,High School Diploma,15
940,Gilligan,Domanski,32,gdomanskiq3@redcross.org,Russia,558-192-6524,50,Bachelor's Degree,58
941,Tess,Cleyne,35,tcleyneq4@comsenz.com,Latvia,581-190-9501,10,PhD,38
942,Chantal,Tradewell,59,ctradewellq5@latimes.com,Slovenia,612-415-9164,48,Master's Degree,44
943,Debbi,Skoggings,46,dskoggingsq6@huffingtonpost.com,Portugal,324-357-6860,1,PhD,9
944,Curr,Herculson,63,cherculsonq7@statcounter.com,Russia,574-568-8912,15,Bachelor's Degree,15
945,Kean,Grzelewski,66,kgrzelewskiq8@cyberchimps.com,Mexico,479-442-8261,19,High School Diploma,85
946,Derry,Enos,32,denosq9@dagondesign.com,Sweden,982-977-5898,30,High School Diploma,13
947,Heinrick,Carnson,65,hcarnsonqa@google.nl,South Africa,707-695-6273,0,Master's Degree,6
948,Dianne,Fontelles,64,dfontellesqb@theglobeandmail.com,China,747-212-5609,31,Master's Degree,82
949,Eben,Wickrath,37,ewickrathqc@sfgate.com,United States,256-878-9927,19,High School Diploma,33
950,Drud,Cattow,51,dcattowqd@youtube.com,Indonesia,449-924-7268,16,Bachelor's Degree,90
951,Benjamen,Mattiussi,65,bmattiussiqe@webeden.co.uk,France,739-899-4327,49,PhD,73
952,Lona,Eyers,49,leyersqf@oakley.com,Indonesia,532-543-9093,41,PhD,34
953,Devy,Peyntue,33,dpeyntueqg@example.com,Palestinian Territory,604-981-7717,47,Master's Degree,62
954,Flynn,Casale,58,fcasaleqh@amazon.de,Peru,187-208-5159,20,PhD,43
955,Sebastien,Conkey,45,sconkeyqi@gravatar.com,Brazil,506-107-3149,30,Master's Degree,46
956,Marge,Rosendorf,54,mrosendorfqj@sakura.ne.jp,Philippines,722-857-2346,24,High School Diploma,23
957,Germaine,Merry,64,gmerryqk@discovery.com,Ecuador,938-346-3189,47,PhD,40
958,Chickie,Wakelam,44,cwakelamql@topsy.com,Myanmar,935-483-2467,0,PhD,89
959,Ealasaid,Ottewell,62,eottewellqm@qq.com,Philippines,750-106-5381,26,PhD,97
960,Oona,Mayor,56,omayorqn@bbc.co.uk,China,991-250-1718,47,Master's Degree,10
961,Rodd,Ruck,61,rruckqo@addthis.com,China,949-684-8666,46,Bachelor's Degree,89
962,Devinne,Mourbey,37,dmourbeyqp@earthlink.net,Indonesia,277-974-5503,50,PhD,18
963,Gerry,McCroft,63,gmccroftqq@canalblog.com,Portugal,871-172-2762,4,Bachelor's Degree,58
964,Ringo,Begley,55,rbegleyqr@drupal.org,China,426-952-2930,27,Master's Degree,84
965,Walden,Matchett,44,wmatchettqs@sphinn.com,Indonesia,941-807-3382,21,Bachelor's Degree,10
966,Katha,Martusov,53,kmartusovqt@amazon.de,Indonesia,556-715-6488,47,Bachelor's Degree,18
967,Ilsa,Threadgould,70,ithreadgouldqu@dropbox.com,Ukraine,174-858-7854,0,PhD,89
968,Morey,Fleming,50,mflemingqv@msn.com,Poland,562-239-9052,0,PhD,27
969,Yetta,Hand,52,yhandqw@sfgate.com,Poland,185-958-9238,22,Master's Degree,86
970,Frannie,Beaulieu,61,fbeaulieuqx@fema.gov,Ukraine,462-867-2283,5,High School Diploma,66
971,Keenan,Kensit,35,kkensitqy@myspace.com,Indonesia,420-759-1293,47,Bachelor's Degree,47
972,Dur,Meighan,52,dmeighanqz@archive.org,China,765-535-5662,8,Bachelor's Degree,78
973,Babette,Beesley,44,bbeesleyr0@spiegel.de,Honduras,248-877-1987,0,Bachelor's Degree,11
974,Benjamen,Haselden,48,bhaseldenr1@google.cn,Sweden,198-433-8693,20,High School Diploma,35
975,Agustin,Annandale,39,aannandaler2@booking.com,United States,432-342-8638,43,PhD,82
976,Elisa,Lipscomb,64,elipscombr3@csmonitor.com,United States,208-944-4543,30,High School Diploma,77
977,Wolf,Croyden,54,wcroydenr4@bloglines.com,China,346-524-6769,7,Bachelor's Degree,23
978,Jaclin,Gorry,52,jgorryr5@sciencedaily.com,Indonesia,875-794-3510,25,Bachelor's Degree,30
979,Art,Toulmin,62,atoulminr6@weebly.com,Indonesia,946-217-9482,33,PhD,55
980,Ashla,Longstaffe,44,alongstaffer7@cnet.com,China,137-935-0468,38,High School Diploma,10
981,Jeri,Fosken,47,jfoskenr8@paypal.com,Central African Republic,460-400-1032,45,Bachelor's Degree,38
982,Hughie,Scrivin,39,hscrivinr9@techcrunch.com,Macedonia,813-902-5743,37,High School Diploma,81
983,Huberto,Wratten,38,hwrattenra@webeden.co.uk,Colombia,437-737-9780,11,Bachelor's Degree,47
984,Gloriana,Petren,40,gpetrenrb@g.co,Chile,545-356-5836,50,High School Diploma,95
985,Guendolen,Leavold,35,gleavoldrc@squidoo.com,Mauritius,115-888-7502,48,Master's Degree,36
986,Bobby,Bickerdike,65,bbickerdikerd@tmall.com,Brazil,154-375-0806,38,Bachelor's Degree,93
987,Reena,Marsham,42,rmarshamre@amazonaws.com,China,722-552-5364,24,High School Diploma,88
988,Mischa,Crehan,65,mcrehanrf@devhub.com,Brazil,990-438-4780,12,PhD,3
989,Tuck,Puddin,48,tpuddinrg@dyndns.org,France,827-139-6236,1,Master's Degree,45
990,Etti,Askie,66,easkierh@amazon.de,Macedonia,931-585-2566,42,PhD,44
991,Moishe,Croome,50,mcroomeri@unicef.org,Laos,180-848-1306,31,Bachelor's Degree,29
992,Kimberley,Tortice,57,ktorticerj@studiopress.com,Tanzania,750-365-5296,10,Master's Degree,100
993,Melesa,Ausher,43,mausherrk@msn.com,Japan,950-679-5570,3,Bachelor's Degree,14
994,Tyrone,Pearl,54,tpearlrl@nbcnews.com,Tunisia,474-111-1502,24,Master's Degree,86
995,Dolli,Kellet,54,dkelletrm@skype.com,Indonesia,497-188-7644,13,Master's Degree,50
996,Gerhard,Blackston,51,gblackstonrn@webmd.com,China,919-574-2754,10,PhD,2
997,Phoebe,Clutheram,47,pclutheramro@linkedin.com,Brazil,488-742-1732,24,PhD,19
998,Ynes,Cristou,58,ycristourp@digg.com,Spain,263-891-0661,7,Bachelor's Degree,53
999,Lockwood,Petroulis,66,lpetroulisrq@barnesandnoble.com,Russia,676-406-4236,47,High School Diploma,85
1000,Aubert,Croydon,67,acroydonrr@mac.com,Portugal,887-111-7644,43,Bachelor's Degree,94
